GCC_ID	Specimen	BGC_Count	MIBiG	Source	Representative_BGC	GCF_Type	Mean_Length	Mean_Gene_Count
GCC_0002535	Respiratory_upper	1		HMP	HMBGC00000040	PKS-NRP_Hybrids	23755.0	10.0
GCC_0002588	Respiratory_upper,Skin_head,Gut_unclassified,Urogenital_vagina	4		HMP,EBI,NCBI_PRJNA28331	HMBGC00000093	PKS-NRP_Hybrids	77065.0	66.0
GCC_0002876	Respiratory_upper,Skin_head	6		HMP	HMBGC00000381	NRPS	2207.7	1.0
GCC_0002878	Skin_unclassified	1		JGI	HMBGC00000383	NRPS	4191.0	1.0
GCC_0002930	Urogenital_vagina,Urogenital_unclassified	34		HMP,JGI,NCBI_PRJNA28331	HMBGC00000435	NRPS	27862.1	27.6
GCC_0002942	Oral_unclassified	1		JGI	HMBGC00000447	PKS-NRP_Hybrids	25871.0	13.0
GCC_0002944	Oral_unclassified	2		JGI,EBI	HMBGC00000448	PKS-NRP_Hybrids	31489.0	22.0
GCC_0002948	Oral_unclassified	1		JGI	HMBGC00000453	PKS-NRP_Hybrids	10183.0	4.0
GCC_0002950	Oral_saliva	1		EBI	HMBGC00000455	PKS-NRP_Hybrids	25971.0	15.0
GCC_0002965	Urogenital_vagina,Oral_unclassified	2		HMP,JGI	HMBGC00000470	PKS-NRP_Hybrids	19643.5	10.0
GCC_0002993	Skin_head,Respiratory_upper,Skin_unclassified,Respiratory_unclassified,Gut_unclassified,Oral_saliva,Urogenital_vagina,Oral_unclassified,Gut_small_intestine	118		HMP,JGI,EBI,NCBI_PRJNA28331	HMBGC00000498	NRPS	26396.8	27.7
GCC_0003078	Skin_unclassified,Gut_colon,Gut_unclassified,Oral_unclassified,Respiratory_upper,Respiratory_unclassified,Skin_head,Urogenital_vagina,Oral_saliva,Urogenital_urinary_tract,Urogenital_unclassified,Respiratory_lower,Oral_cavity	239	BGC0000127	JGI,EBI,HMP,NCBI_PRJNA28331	HMBGC00000583	PKSI	36802.0	26.1
GCC_0003329	Oral_unclassified	1		JGI	HMBGC00000834	PKS-NRP_Hybrids	47452.0	22.0
GCC_0003343	Gut_unclassified	1		EBI	HMBGC00000848	PKS-NRP_Hybrids	105217.0	46.0
GCC_0003345	Gut_unclassified	1		EBI	HMBGC00000850	PKS-NRP_Hybrids	81353.0	45.0
GCC_0003409	Gut_unclassified	1		EBI	HMBGC00000914	PKS-NRP_Hybrids	63731.0	36.0
GCC_0003528	Gut_colon	1		EBI	HMBGC00001033	PKS-NRP_Hybrids	59180.0	36.0
GCC_0003543	Gut_unclassified	1		EBI	HMBGC00001048	PKS-NRP_Hybrids	53643.0	31.0
GCC_0003545	Gut_unclassified	1		EBI	HMBGC00001050	PKS-NRP_Hybrids	39036.0	20.0
GCC_0003560	Gut_unclassified	1		EBI	HMBGC00001065	PKS-NRP_Hybrids	65344.0	58.0
GCC_0003583	Gut_unclassified	3		EBI,NCBI_PRJNA28331	HMBGC00001088	PKS-NRP_Hybrids	84858.3	46.7
GCC_0003624	Gut_unclassified	1		EBI	HMBGC00001129	PKS-NRP_Hybrids	62521.0	26.0
GCC_0003626	Gut_unclassified	1		EBI	HMBGC00001131	PKS-NRP_Hybrids	59772.0	28.0
GCC_0003627	Gut_unclassified	2		EBI,NCBI_PRJNA28331	HMBGC00001132	PKS-NRP_Hybrids	72195.0	32.5
GCC_0003630	Gut_unclassified	1		EBI	HMBGC00001135	PKS-NRP_Hybrids	99563.0	47.0
GCC_0003633	Gut_unclassified	1		EBI	HMBGC00001138	PKS-NRP_Hybrids	65915.0	39.0
GCC_0003658	Gut_unclassified	1		EBI	HMBGC00001163	PKS-NRP_Hybrids	76954.0	46.0
GCC_0003659	Gut_unclassified	1		EBI	HMBGC00001164	PKS-NRP_Hybrids	57872.0	35.0
GCC_0003661	Gut_unclassified	1		EBI	HMBGC00001166	PKS-NRP_Hybrids	88282.0	76.0
GCC_0003678	Gut_unclassified	1		EBI	HMBGC00001183	PKS-NRP_Hybrids	55059.0	26.0
GCC_0003679	Gut_unclassified	1		EBI	HMBGC00001184	PKS-NRP_Hybrids	67999.0	46.0
GCC_0003680	Gut_unclassified	1		EBI	HMBGC00001185	PKS-NRP_Hybrids	84580.0	49.0
GCC_0003702	Gut_colon	1		EBI	HMBGC00001207	PKS-NRP_Hybrids	20977.0	9.0
GCC_0003703	Gut_colon	1		EBI	HMBGC00001208	PKS-NRP_Hybrids	18884.0	7.0
GCC_0003730	Gut_colon	1		EBI	HMBGC00001235	PKS-NRP_Hybrids	57398.0	37.0
GCC_0003787	Gut_unclassified	1		EBI	HMBGC00001292	PKS-NRP_Hybrids	17042.0	10.0
GCC_0003827	Gut_unclassified	1		EBI	HMBGC00001332	PKS-NRP_Hybrids	49919.0	32.0
GCC_0003847	Gut_unclassified	3	BGC0001415	EBI	HMBGC00001352	PKS-NRP_Hybrids	44109.3	21.3
GCC_0003857	Gut_unclassified	1		EBI	HMBGC00001362	PKS-NRP_Hybrids	30422.0	17.0
GCC_0003866	Gut_unclassified	1		EBI	HMBGC00001371	PKS-NRP_Hybrids	94510.0	53.0
GCC_0003870	Gut_unclassified,Skin_head,Respiratory_upper,Respiratory_unclassified,Skin_unclassified,Urogenital_vagina,Oral_unclassified,Oral_saliva,Oral_cavity,Skin_arm,Urogenital_unclassified,Gut_colon,Respiratory_lower,Oral_plaque,Gut_bile_duct,Skin_leg,Urogenital_urinary_tract,Urogenital_uterus,Gut_gallbladder,Skin_torso,Gut_small_intestine	2613	BGC0000287,BGC0000309,BGC0000310,BGC0000371,BGC0000381,BGC0000398,BGC0000399,BGC0000407,BGC0000408,BGC0000412,BGC0000446,BGC0000449,BGC0000460,BGC0000972,BGC0001021,BGC0001152,BGC0001153,BGC0001192,BGC0001393,BGC0001415,BGC0001502,BGC0001575,BGC0001627,BGC0001637,BGC0001843,BGC0002037,BGC0002359,BGC0002413,BGC0002475,BGC0002639,BGC0002653,BGC0002696	EBI,HMP,JGI,NCBI_PRJNA28331	HMBGC00001375	NRPS	29648.0	22.3
GCC_0003915	Gut_unclassified	2		EBI	HMBGC00001420	PKS-NRP_Hybrids	117026.5	76.5
GCC_0003944	Gut_unclassified	1		EBI	HMBGC00001449	PKS-NRP_Hybrids	134338.0	61.0
GCC_0003994	Gut_unclassified	1		EBI	HMBGC00001499	PKS-NRP_Hybrids	60126.0	39.0
GCC_0003999	Gut_unclassified	1		EBI	HMBGC00001504	PKS-NRP_Hybrids	40330.0	23.0
GCC_0004002	Gut_unclassified	2		EBI	HMBGC00001507	PKS-NRP_Hybrids	58210.5	40.0
GCC_0004019	Gut_unclassified	1		EBI	HMBGC00001524	PKS-NRP_Hybrids	59861.0	42.0
GCC_0004020	Gut_unclassified	2		EBI	HMBGC00001525	PKS-NRP_Hybrids	39135.0	10.5
GCC_0004032	Gut_unclassified	1		EBI	HMBGC00001537	PKS-NRP_Hybrids	63344.0	45.0
GCC_0004033	Gut_unclassified	1		EBI	HMBGC00001538	PKS-NRP_Hybrids	79083.0	47.0
GCC_0004034	Gut_unclassified	1		EBI	HMBGC00001539	PKS-NRP_Hybrids	63223.0	40.0
GCC_0004035	Gut_unclassified	1		EBI	HMBGC00001540	PKS-NRP_Hybrids	76051.0	43.0
GCC_0004055	Gut_unclassified	1		EBI	HMBGC00001560	PKS-NRP_Hybrids	117166.0	65.0
GCC_0004058	Gut_unclassified	1		EBI	HMBGC00001563	PKS-NRP_Hybrids	83059.0	29.0
GCC_0004112	Gut_colon	1		EBI	HMBGC00001617	PKS-NRP_Hybrids	51390.0	41.0
GCC_0004167	Gut_unclassified	1		EBI	HMBGC00001672	PKS-NRP_Hybrids	94649.0	67.0
GCC_0004168	Gut_unclassified	1		EBI	HMBGC00001673	PKS-NRP_Hybrids	33430.0	26.0
GCC_0004169	Gut_unclassified	1		EBI	HMBGC00001674	PKS-NRP_Hybrids	85875.0	49.0
GCC_0004170	Gut_unclassified	1		EBI	HMBGC00001675	PKS-NRP_Hybrids	53063.0	30.0
GCC_0004289	Gut_unclassified	1		EBI	HMBGC00001794	PKS-NRP_Hybrids	24407.0	14.0
GCC_0004307	Gut_unclassified	1		EBI	HMBGC00001812	PKS-NRP_Hybrids	70565.0	51.0
GCC_0004308	Gut_unclassified	1		EBI	HMBGC00001813	PKS-NRP_Hybrids	59486.0	41.0
GCC_0004371	Oral_unclassified	1		EBI	HMBGC00001876	PKS-NRP_Hybrids	43208.0	30.0
GCC_0004382	Oral_unclassified	1		EBI	HMBGC00001887	PKS-NRP_Hybrids	38700.0	28.0
GCC_0004399	Oral_unclassified	1		EBI	HMBGC00001904	PKS-NRP_Hybrids	44922.0	24.0
GCC_0004415	Respiratory_upper,Urogenital_vagina,Gut_colon,Gut_unclassified,Oral_unclassified	9		HMP,EBI	HMBGC00001920	NRPS	11364.4	9.8
GCC_0004432	Oral_unclassified	1		EBI	HMBGC00001937	PKS-NRP_Hybrids	27238.0	24.0
GCC_0004441	Respiratory_upper,Oral_unclassified,Gut_unclassified	3		HMP,EBI,NCBI_PRJNA28331	HMBGC00001946	Others	32798.3	32.0
GCC_0004458	Oral_unclassified	2		EBI,NCBI_PRJNA28331	HMBGC00001963	PKS-NRP_Hybrids	48291.5	32.0
GCC_0004472	Respiratory_upper,Skin_arm,Skin_unclassified	41		HMP,NCBI_PRJNA28331	HMBGC00001977	NRPS	35186.0	43.7
GCC_0004500	Respiratory_upper,Skin_head,Respiratory_unclassified	8		HMP,JGI	HMBGC00002005	NRPS	1847.6	1.0
GCC_0004515	Respiratory_upper,Gut_unclassified,Urogenital_unclassified,Urogenital_vagina	7		HMP,EBI,NCBI_PRJNA28331	HMBGC00002020	NRPS	24729.4	21.3
GCC_0004599	Respiratory_upper,Gut_unclassified,Oral_saliva,Oral_cavity	5		HMP,EBI,NCBI_PRJNA28331	HMBGC00002104	NRPS	29612.2	30.0
GCC_0004607	Respiratory_upper,Gut_unclassified	10		HMP,EBI,NCBI_PRJNA28331	HMBGC00002112	NRPS	20863.5	18.4
GCC_0004735	Skin_head,Respiratory_upper	50		HMP	HMBGC00002240	NRPS	26868.5	16.1
GCC_0004833	Skin_head,Skin_unclassified,Skin_leg,Respiratory_upper	12		HMP,JGI,NCBI_PRJNA28331	HMBGC00002338	NRPS	40221.7	34.2
GCC_0004863	Skin_unclassified	8		JGI	HMBGC00002368	NRPS	19074.1	19.1
GCC_0004878	Skin_unclassified	11		JGI	HMBGC00002383	NRPS	22450.3	20.6
GCC_0004894	Skin_unclassified	15		JGI	HMBGC00002399	NRPS	14910.2	8.5
GCC_0004902	Skin_unclassified	6		JGI	HMBGC00002407	NRPS	12036.8	7.2
GCC_0004914	Skin_unclassified	18		JGI	HMBGC00002419	NRPS	12903.8	8.9
GCC_0004931	Skin_unclassified	9		JGI	HMBGC00002436	NRPS	15688.1	13.0
GCC_0004942	Skin_unclassified	18		JGI	HMBGC00002447	NRPS	9078.8	8.8
GCC_0004946	Skin_unclassified	4		JGI	HMBGC00002451	NRPS	4944.2	1.2
GCC_0004956	Skin_unclassified,Gut_unclassified,Skin_head,Urogenital_urinary_tract,Skin_arm	14		JGI,EBI,HMP,NCBI_PRJNA28331	HMBGC00002461	NRPS	34742.1	26.7
GCC_0005220	Urogenital_vagina,Respiratory_upper,Gut_unclassified,Gut_colon	10		HMP,EBI,NCBI_PRJNA28331	HMBGC00002725	Others	47620.3	40.5
GCC_0005374	Respiratory_upper,Oral_unclassified,Oral_saliva,Gut_colon,Gut_unclassified,Urogenital_vagina	25		HMP,JGI,EBI,NCBI_PRJNA28331	HMBGC00002879	Others	31544.6	31.0
GCC_0005375	Respiratory_upper,Oral_unclassified	4		HMP,EBI	HMBGC00002880	Others	28482.0	29.2
GCC_0005430	Urogenital_vagina,Skin_head,Oral_unclassified,Respiratory_lower,Respiratory_unclassified,Respiratory_upper,Oral_plaque,Gut_unclassified	12		HMP,EBI,NCBI_PRJNA28331	HMBGC00002935	Others	30398.8	30.3
GCC_0005441	Oral_unclassified,Urogenital_vagina,Respiratory_upper	18		JGI,HMP,EBI,NCBI_PRJNA28331	HMBGC00002946	Others	20003.4	21.0
GCC_0005777	Oral_unclassified	5		JGI	HMBGC00003282	Others	36697.4	29.6
GCC_0005778	Respiratory_upper,Oral_unclassified	5		HMP,JGI,EBI	HMBGC00003283	Others	20118.8	15.2
GCC_0005972	Skin_unclassified,Gut_unclassified	3		JGI,EBI	HMBGC00003477	Others	7068.0	8.0
GCC_0005995	Skin_unclassified	18		JGI	HMBGC00003500	Others	15543.6	17.9
GCC_0005999	Gut_colon,Oral_unclassified,Skin_unclassified,Gut_unclassified,Respiratory_unclassified	9		EBI,JGI,NCBI_PRJNA28331	HMBGC00003504	Others	28770.1	26.7
GCC_0006015	Skin_unclassified,Gut_colon	6		JGI,EBI	HMBGC00003520	Others	16734.0	12.5
GCC_0006033	Skin_unclassified	13		JGI	HMBGC00003538	Others	16345.5	13.2
GCC_0006047	Skin_head,Gut_unclassified,Skin_leg,Urogenital_urinary_tract,Skin_unclassified,Respiratory_upper,Urogenital_uterus	12		HMP,EBI,NCBI_PRJNA28331	HMBGC00003552	Others	32915.8	29.2
GCC_0006055	Skin_head,Skin_unclassified	13		HMP,JGI	HMBGC00003560	Others	21763.9	19.8
GCC_0006174	Respiratory_upper	2	BGC0002073	HMP	BGC0002073	Others	8004.5	5.5
GCC_0006175	Respiratory_upper,Gut_unclassified	2		HMP,EBI	HMBGC00003680	Others	6904.5	4.0
GCC_0007327	Urogenital_vagina,Oral_unclassified,Respiratory_lower,Respiratory_upper	11		HMP,JGI,NCBI_PRJNA28331	HMBGC00004832	Others	15509.5	14.6
GCC_0007331	Oral_unclassified	3		JGI,EBI	HMBGC00004836	Others	8654.0	10.3
GCC_0007523	Skin_head,Respiratory_upper,Skin_unclassified,Respiratory_unclassified,Gut_unclassified,Skin_leg,Urogenital_uterus,Urogenital_vagina,Skin_arm,Gut_gallbladder,Skin_torso,Urogenital_urinary_tract,Respiratory_lower	110		HMP,JGI,EBI,NCBI_PRJNA28331	HMBGC00005028	Others	19704.5	16.2
GCC_0007679	Skin_head,Respiratory_upper,Respiratory_unclassified,Skin_unclassified,Gut_unclassified	44		HMP,JGI,EBI	HMBGC00005184	Others	14810.6	12.0
GCC_0007792	Skin_unclassified	4		JGI	HMBGC00005297	Others	7115.5	6.0
GCC_0007793	Skin_unclassified	20		JGI	HMBGC00005298	Others	5755.1	5.2
GCC_0007806	Skin_unclassified	14		JGI	HMBGC00005311	PKSI,Others	16429.4	12.3
GCC_0007807	Skin_unclassified,Gut_colon,Respiratory_unclassified	4		JGI,EBI,NCBI_PRJNA28331	HMBGC00005312	Others	10723.0	8.8
GCC_0007822	Skin_unclassified	13		JGI	HMBGC00005327	Others	12521.5	10.2
GCC_0007836	Skin_unclassified	11		JGI	HMBGC00005341	Others	38244.9	28.1
GCC_0007971	Gut_unclassified	10		EBI	HMBGC00005476	Others	25788.9	18.1
GCC_0007977	Gut_unclassified,Gut_colon	6		EBI	HMBGC00005482	Others	25686.0	19.3
GCC_0008061	Respiratory_upper,Oral_unclassified,Gut_unclassified	4		HMP,JGI,NCBI_PRJNA28331	HMBGC00005566	Others	18802.0	17.8
GCC_0008063	Respiratory_upper,Oral_unclassified	6		HMP,JGI	HMBGC00005568	Others	24223.7	31.2
GCC_0008083	Respiratory_upper,Respiratory_unclassified,Urogenital_vagina	18		HMP,JGI,NCBI_PRJNA28331	HMBGC00005588	PKSI	24704.6	18.4
GCC_0008136	Urogenital_vagina,Oral_unclassified	4		HMP,JGI,NCBI_PRJNA28331	HMBGC00005641	PKSI	33057.5	19.5
GCC_0008137	Oral_unclassified	2		JGI,EBI	HMBGC00005640	PKSI	18450.0	10.5
GCC_0008148	Respiratory_upper,Skin_head,Skin_unclassified	8		HMP,JGI	HMBGC00005653	PKSI	3354.4	1.8
GCC_0008150	Respiratory_upper,Skin_head,Skin_unclassified,Gut_unclassified	8		HMP,JGI,EBI	HMBGC00005655	PKSI	12469.6	8.5
GCC_0008294	Respiratory_upper,Skin_head,Skin_unclassified,Respiratory_unclassified,Gut_unclassified	46		HMP,JGI,EBI	HMBGC00005799	PKSI	28332.3	16.8
GCC_0008368	Skin_head,Skin_unclassified,Gut_unclassified	24		HMP,JGI,EBI	HMBGC00005873	PKSI	31120.8	23.4
GCC_0008384	Respiratory_upper,Skin_head	57		HMP	HMBGC00005889	PKSI	25262.2	9.9
GCC_0008446	Respiratory_upper	11		HMP	HMBGC00005951	PKSother	2085.5	2.3
GCC_0008875	Respiratory_upper	8		HMP	HMBGC00006380	PKSother	1272.4	1.5
GCC_0008927	Respiratory_upper,Oral_unclassified,Gut_unclassified,Urogenital_vagina,Respiratory_lower	7		HMP,JGI,EBI,NCBI_PRJNA28331	HMBGC00006432	PKSother	33484.0	31.4
GCC_0008940	Skin_head,Respiratory_upper,Gut_unclassified	9		HMP,EBI	HMBGC00006445	PKSother	1402.6	1.3
GCC_0009224	Respiratory_upper,Urogenital_vagina,Oral_unclassified,Gut_colon,Oral_saliva,Skin_head,Gut_unclassified,Skin_unclassified,Oral_cavity	82		HMP,JGI,EBI,NCBI_PRJNA28331	HMBGC00006729	RiPPs	11767.8	11.4
GCC_0009317	Respiratory_upper,Skin_head,Respiratory_unclassified,Skin_unclassified,Oral_unclassified	78		HMP,JGI,EBI,NCBI_PRJNA28331	HMBGC00006822	RiPPs	13145.0	17.2
GCC_0009523	Skin_head,Skin_unclassified	5		HMP,JGI	HMBGC00007028	RiPPs	6522.6	6.2
GCC_0009559	Skin_head,Skin_unclassified,Urogenital_vagina	18	BGC0002311	HMP,NCBI_PRJNA28331	HMBGC00007064	RiPPs	11605.5	12.8
GCC_0009563	Skin_head,Respiratory_upper,Skin_unclassified	4		HMP,JGI	HMBGC00007068	RiPPs	13988.8	12.0
GCC_0009567	Skin_head	2		HMP	HMBGC00007071	RiPPs	13639.0	14.0
GCC_0009619	Respiratory_upper,Skin_unclassified	2		HMP,JGI	HMBGC00007124	RiPPs	6231.5	6.0
GCC_0009937	Respiratory_upper,Gut_unclassified,Oral_saliva,Oral_unclassified	8		HMP,EBI,NCBI_PRJNA28331	HMBGC00007442	RiPPs	11220.1	12.1
GCC_0009948	Urogenital_vagina	5		HMP	HMBGC00007453	RiPPs	10473.8	13.6
GCC_0009949	Urogenital_unclassified	1		JGI	HMBGC00007454	RiPPs	5569.0	6.0
GCC_0010032	Urogenital_vagina	12		HMP	HMBGC00007537	RiPPs	8511.6	8.2
GCC_0010047	Urogenital_vagina,Urogenital_unclassified	8		HMP,JGI	HMBGC00007552	RiPPs	13102.6	12.2
GCC_0010075	Respiratory_upper,Urogenital_vagina,Gut_colon,Gut_unclassified,Oral_cavity	12		HMP,EBI,NCBI_PRJNA28331	HMBGC00007580	RiPPs	17755.3	16.6
GCC_0010173	Urogenital_vagina,Urogenital_unclassified,Gut_unclassified	6		HMP,JGI,EBI	HMBGC00007678	RiPPs	14281.0	15.2
GCC_0010175	Urogenital_vagina	2		HMP	HMBGC00007679	RiPPs	14989.0	17.0
GCC_0010195	Urogenital_vagina	1		HMP	HMBGC00007700	RiPPs	11267.0	11.0
GCC_0010198	Urogenital_vagina,Urogenital_unclassified,Gut_unclassified	14		HMP,JGI,EBI,NCBI_PRJNA28331	HMBGC00007703	RiPPs	21812.3	15.9
GCC_0010227	Skin_head,Respiratory_upper,Respiratory_unclassified,Skin_unclassified,Gut_unclassified,Skin_leg,Urogenital_uterus,Urogenital_vagina,Skin_arm,Gut_gallbladder,Skin_torso,Urogenital_urinary_tract,Respiratory_lower	91		HMP,JGI,EBI,NCBI_PRJNA28331	HMBGC00007732	RiPPs	15551.6	15.7
GCC_0010301	Oral_unclassified,Oral_plaque	5		JGI,EBI,NCBI_PRJNA28331	HMBGC00007806	RiPPs	20139.8	18.6
GCC_0010303	Oral_unclassified	6		JGI,NCBI_PRJNA28331	HMBGC00007808	RiPPs	21223.2	22.3
GCC_0010408	Skin_unclassified	4		JGI	HMBGC00007913	RiPPs	9491.8	6.8
GCC_0010409	Skin_unclassified	2		JGI	HMBGC00007910	RiPPs	7802.0	5.5
GCC_0010486	Skin_head,Skin_unclassified,Gut_unclassified,Urogenital_urinary_tract,Urogenital_vagina,Respiratory_lower,Gut_colon,Skin_arm,Respiratory_upper	28		HMP,JGI,EBI,NCBI_PRJNA28331	HMBGC00007991	RiPPs	16711.3	15.7
GCC_0010559	Respiratory_upper,Oral_unclassified	4		HMP,JGI,EBI	HMBGC00008064	RiPPs	12533.0	10.8
GCC_0010569	Oral_unclassified	9		JGI	HMBGC00008074	RiPPs	10878.0	10.8
GCC_0011692	Gut_unclassified,Gut_colon	6		EBI	HMBGC00009197	RiPPs	20267.0	17.2
GCC_0011693	Gut_unclassified	1		EBI	HMBGC00009198	RiPPs	16185.0	17.0
GCC_0013196	Gut_unclassified,Gut_colon,Urogenital_urinary_tract	14		EBI,NCBI_PRJNA28331	HMBGC00010701	RiPPs	26286.1	17.6
GCC_0013291	Gut_unclassified,Gut_colon,Respiratory_upper	17		EBI,HMP,NCBI_PRJNA28331	HMBGC00010796	RiPPs	19887.5	19.0
GCC_0013307	Respiratory_upper,Skin_head,Oral_unclassified,Gut_unclassified,Oral_saliva,Skin_unclassified,Oral_cavity,Respiratory_lower,Urogenital_urinary_tract,Respiratory_unclassified,Skin_leg,Urogenital_vagina	86		HMP,JGI,EBI,NCBI_PRJNA28331	HMBGC00010812	RiPPs	9365.5	8.6
GCC_0015421	Oral_unclassified,Respiratory_upper	3		EBI,NCBI_PRJNA28331	HMBGC00012926	RiPPs	6368.7	5.0
GCC_0015773	Respiratory_upper,Skin_head,Respiratory_unclassified,Skin_unclassified,Oral_saliva,Urogenital_vagina,Oral_unclassified,Gut_small_intestine	118		HMP,JGI,EBI,NCBI_PRJNA28331	HMBGC00013278	RiPPs	9287.6	9.9
GCC_0015871	Skin_head,Respiratory_upper,Skin_unclassified,Respiratory_unclassified	38		HMP,JGI	HMBGC00013376	RiPPs	4573.1	5.6
GCC_0015911	Skin_head,Skin_unclassified	20		HMP,JGI	HMBGC00013416	RiPPs	19792.3	18.4
GCC_0015924	Gut_unclassified,Gut_colon,Skin_head,Skin_unclassified	11		EBI,HMP,JGI	HMBGC00013429	RiPPs	14899.3	14.0
GCC_0015956	Skin_head	5		HMP	HMBGC00013461	RiPPs	5318.6	5.6
GCC_0015961	Respiratory_upper,Oral_unclassified	4		HMP,EBI	HMBGC00013466	RiPPs	18655.8	16.2
GCC_0015963	Respiratory_upper,Oral_unclassified	7		HMP,JGI	HMBGC00013468	RiPPs	6130.7	7.0
GCC_0015998	Skin_head,Skin_unclassified,Respiratory_upper,Respiratory_unclassified	9		HMP,JGI	HMBGC00013503	RiPPs	6703.9	6.7
GCC_0015999	Urogenital_vagina,Respiratory_upper,Urogenital_unclassified,Urogenital_urinary_tract	60		HMP,JGI,NCBI_PRJNA28331	HMBGC00013504	RiPPs	10505.0	13.6
GCC_0016088	Urogenital_vagina,Urogenital_unclassified,Gut_unclassified,Respiratory_upper,Urogenital_urinary_tract	66		HMP,JGI,EBI,NCBI_PRJNA28331	HMBGC00013593	RiPPs	12979.5	16.1
GCC_0016145	Urogenital_vagina,Urogenital_unclassified	24		HMP,JGI,NCBI_PRJNA28331	HMBGC00013650	RiPPs	7493.2	12.3
GCC_0016181	Urogenital_vagina,Urogenital_unclassified	20		HMP,JGI	HMBGC00013686	RiPPs	12600.8	14.8
GCC_0016255	Skin_unclassified	12		JGI	HMBGC00013760	RiPPs	7798.2	7.3
GCC_0016283	Skin_unclassified	10		JGI	HMBGC00013788	RiPPs	5004.0	6.0
GCC_0016290	Gut_colon,Gut_unclassified	3		EBI	HMBGC00013795	RiPPs	6258.3	6.0
GCC_0016368	Gut_unclassified,Gut_colon	12		EBI	HMBGC00013873	RiPPs	25289.8	16.0
GCC_0016387	Gut_unclassified	2		EBI	HMBGC00013892	RiPPs	42096.5	34.0
GCC_0016479	Gut_colon	1		EBI	HMBGC00013984	RiPPs	3307.0	3.0
GCC_0016507	Respiratory_upper,Oral_unclassified	5		HMP,JGI	HMBGC00014012	RiPPs	12950.8	15.2
GCC_0016592	Skin_head	14		HMP	HMBGC00014097	Terpene	13152.1	11.4
GCC_0016655	Oral_unclassified	2		JGI	HMBGC00014158	Terpene	11399.5	12.5
GCC_0016656	Urogenital_vagina,Oral_unclassified,Oral_plaque	9		HMP,JGI,EBI,NCBI_PRJNA28331	HMBGC00014161	Terpene	19008.2	19.1
GCC_0016765	Gut_unclassified,Skin_unclassified,Skin_head,Respiratory_upper,Respiratory_unclassified,Urogenital_vagina,Gut_colon,Oral_unclassified,Oral_saliva,Gut_small_intestine,Oral_plaque,Respiratory_lower,Skin_leg,Skin_arm,Urogenital_urinary_tract,Urogenital_uterus,Urogenital_unclassified,Oral_cavity	941	BGC0000638,BGC0000639,BGC0000641,BGC0000642	EBI,JGI,HMP,NCBI_PRJNA28331	HMBGC00014270	Terpene	17749.5	16.5
GCC_0016884	Oral_unclassified,Respiratory_lower,Respiratory_upper,Gut_unclassified	7		JGI,NCBI_PRJNA28331	HMBGC00014389	Terpene	18396.4	20.4
GCC_0017260	Skin_head,Respiratory_upper	18		HMP	HMBGC00014765	Terpene	7299.8	4.2
GCC_0017279	Skin_head,Respiratory_upper	24		HMP	HMBGC00014784	Terpene	19845.0	9.8
GCC_0017319	Oral_plaque	1		NCBI_PRJNA28331	HMBGC00014824	PKS-NRP_Hybrids	75298.0	53.0
GCC_0017356	Respiratory_upper,Respiratory_unclassified	12		HMP,JGI,NCBI_PRJNA28331	HMBGC00014861	PKSI	21157.2	15.3
GCC_0017402	Gut_unclassified,Respiratory_unclassified,Respiratory_lower	11		EBI,NCBI_PRJNA28331	HMBGC00014907	NRPS	42923.0	41.5
GCC_0017406	Skin_unclassified,Skin_head,Gut_unclassified,Gut_colon,Respiratory_upper,Oral_unclassified,Urogenital_vagina,Respiratory_unclassified,Urogenital_unclassified,Oral_saliva,Respiratory_lower,Oral_plaque,Oral_cavity,Skin_leg,Urogenital_urinary_tract,Urogenital_uterus,Skin_arm,Skin_torso,Gut_small_intestine,Gut_gallbladder	7851	BGC0000485,BGC0000491,BGC0000504,BGC0000508,BGC0000514,BGC0000532,BGC0000535,BGC0000536,BGC0000538,BGC0000564,BGC0000566,BGC0000568,BGC0000602,BGC0000618,BGC0000619,BGC0000628,BGC0001170,BGC0001171,BGC0001209,BGC0001222,BGC0001388,BGC0001602,BGC0001618,BGC0002575	JGI,HMP,EBI,NCBI_PRJNA28331	HMBGC00014911	RiPPs	15228.9	14.3
GCC_0017526	Oral_unclassified,Gut_colon,Respiratory_upper,Respiratory_lower	17		JGI,EBI,HMP,NCBI_PRJNA28331	HMBGC00015031	Terpene	15481.9	15.4
GCC_0017545	Skin_unclassified,Gut_unclassified,Oral_unclassified,Urogenital_vagina	4		JGI,EBI,NCBI_PRJNA28331	HMBGC00015050	RiPPs	18222.8	17.5
GCC_0017567	Oral_unclassified	1		NCBI_PRJNA28331	HMBGC00015072	PKS-NRP_Hybrids	59665.0	46.0
GCC_0017592	Urogenital_urinary_tract,Urogenital_vagina	4		NCBI_PRJNA28331	HMBGC00015097	PKS-NRP_Hybrids	48414.0	27.5
GCC_0017649	Gut_unclassified,Urogenital_vagina,Urogenital_uterus,Skin_unclassified,Gut_colon	12		EBI,NCBI_PRJNA28331	HMBGC00015154	RiPPs	47317.4	43.2
GCC_0017915	Respiratory_upper,Gut_colon,Respiratory_lower	20		HMP,EBI,NCBI_PRJNA28331	HMBGC00015420	Others	25611.2	23.8
GCC_0017932	Oral_unclassified,Gut_unclassified,Oral_saliva,Skin_head,Urogenital_vagina,Respiratory_lower	8		JGI,EBI,HMP,NCBI_PRJNA28331	HMBGC00015437	Others	26270.5	24.8
GCC_0018040	Urogenital_vagina,Urogenital_uterus	4		NCBI_PRJNA28331	HMBGC00015545	NRPS	26820.2	16.5
GCC_0018046	Skin_unclassified	1		NCBI_PRJNA28331	HMBGC00015551	Others	16489.0	14.0
GCC_0018090	Gut_unclassified	2		EBI,NCBI_PRJNA28331	HMBGC00001182	PKS-NRP_Hybrids	61196.5	41.5
GCC_0018095	Gut_unclassified	1		NCBI_PRJNA28331	HMBGC00015600	PKS-NRP_Hybrids	42458.0	15.0
GCC_0018098	Gut_unclassified	1		NCBI_PRJNA28331	HMBGC00015603	PKS-NRP_Hybrids	27277.0	14.0
GCC_0018110	Respiratory_unclassified,Respiratory_lower	7		NCBI_PRJNA28331	HMBGC00015615	Terpene	15817.1	19.0
GCC_0018130	Gut_unclassified,Urogenital_vagina,Respiratory_upper	8		NCBI_PRJNA28331	HMBGC00015635	NRPS	52827.9	40.1
GCC_0018143	Gut_unclassified,Urogenital_urinary_tract	6		NCBI_PRJNA28331	HMBGC00015648	NRPS	47360.0	32.3
GCC_0018155	Gut_unclassified,Respiratory_lower	3		EBI,NCBI_PRJNA28331	HMBGC00015660	PKS-NRP_Hybrids	52056.0	45.3
GCC_0018175	Respiratory_lower,Skin_unclassified,Skin_leg,Gut_unclassified,Respiratory_unclassified	14		NCBI_PRJNA28331	HMBGC00015680	NRPS	41510.4	30.8
GCC_0018267	Urogenital_vagina,Urogenital_urinary_tract	7		NCBI_PRJNA28331	HMBGC00015772	RiPPs	3429.1	1.7
GCC_0018370	Gut_bile_duct,Gut_unclassified,Gut_colon,Skin_unclassified,Oral_saliva,Urogenital_vagina,Respiratory_upper,Urogenital_urinary_tract,Oral_unclassified,Respiratory_unclassified	94		JGI,EBI,NCBI_PRJNA28331	HMBGC00015875	RiPPs	25437.0	19.0
GCC_0018388	Skin_unclassified,Respiratory_upper,Respiratory_unclassified,Respiratory_lower	6		JGI,NCBI_PRJNA28331	HMBGC00015893	Others	8845.8	9.7
GCC_0018410	Urogenital_vagina,Urogenital_unclassified,Urogenital_urinary_tract	6		HMP,JGI,NCBI_PRJNA28331	HMBGC00015915	RiPPs	5143.0	8.3
GCC_0018415	Respiratory_lower,Gut_colon,Respiratory_unclassified	11		NCBI_PRJNA28331	HMBGC00015920	NRPS	39347.2	37.0
GCC_0018455	Urogenital_vagina,Skin_head,Gut_unclassified,Respiratory_unclassified,Oral_unclassified	6		HMP,EBI,NCBI_PRJNA28331	HMBGC00015960	Terpene	15105.3	18.7
GCC_0018516	Urogenital_urinary_tract,Gut_colon,Respiratory_lower	6		NCBI_PRJNA28331	HMBGC00016021	PKSother	29395.7	28.7
GCC_0018545	Gut_unclassified,Urogenital_vagina,Urogenital_urinary_tract,Urogenital_unclassified,Urogenital_uterus	14		EBI,NCBI_PRJNA28331	HMBGC00016050	NRPS	26637.1	20.6
GCC_0018554	Gut_unclassified,Respiratory_lower,Urogenital_urinary_tract,Urogenital_vagina,Gut_colon	11		EBI,NCBI_PRJNA28331	HMBGC00016059	RiPPs	16196.3	12.5
GCC_0018556	Gut_unclassified,Urogenital_vagina,Gut_colon,Urogenital_urinary_tract,Urogenital_uterus,Respiratory_lower,Skin_unclassified	16		EBI,NCBI_PRJNA28331	HMBGC00016061	PKSother	40818.9	35.1
GCC_0018557	Respiratory_upper,Respiratory_unclassified,Gut_unclassified,Respiratory_lower,Skin_unclassified,Skin_leg,Urogenital_unclassified,Urogenital_vagina,Urogenital_urinary_tract	39	BGC0000943	HMP,JGI,EBI,NCBI_PRJNA28331	HMBGC00016062	Others	16314.7	14.5
GCC_0018694	Gut_unclassified,Gut_colon	3		EBI,NCBI_PRJNA28331	HMBGC00016199	PKS-NRP_Hybrids	63135.7	35.7
GCC_0018701	Urogenital_vagina,Respiratory_upper,Urogenital_unclassified	20		HMP,JGI,NCBI_PRJNA28331	HMBGC00016206	RiPPs	12072.8	14.8
GCC_0018718	Urogenital_vagina,Urogenital_urinary_tract	4		NCBI_PRJNA28331	HMBGC00016223	Terpene	12657.2	14.0
GCC_0018719	Urogenital_vagina,Urogenital_urinary_tract	3		NCBI_PRJNA28331	HMBGC00016224	RiPPs	19496.3	18.0
GCC_0018770	Oral_unclassified,Respiratory_lower,Respiratory_upper	5		EBI,NCBI_PRJNA28331	HMBGC00016275	RiPPs	14131.6	14.8
GCC_0018864	Respiratory_upper,Gut_unclassified,Oral_unclassified,Respiratory_lower	10		HMP,EBI,NCBI_PRJNA28331	HMBGC00016369	RiPPs	8376.7	8.3
GCC_0018868	Gut_unclassified,Gut_colon	7		EBI,NCBI_PRJNA28331	HMBGC00016373	RiPPs	21099.9	16.3
GCC_0018924	Gut_unclassified,Urogenital_urinary_tract,Urogenital_unclassified	5		EBI,NCBI_PRJNA28331	HMBGC00016429	Others	55463.0	45.6
GCC_0018934	Respiratory_upper,Oral_unclassified,Gut_colon,Urogenital_vagina,Respiratory_lower,Skin_arm,Respiratory_unclassified	33		HMP,JGI,EBI,NCBI_PRJNA28331	HMBGC00016439	Terpene	16709.3	17.4
GCC_0018942	Urogenital_vagina	4		HMP,NCBI_PRJNA28331	HMBGC00016447	RiPPs	7840.5	11.2
GCC_0018946	Gut_unclassified	2		NCBI_PRJNA28331	HMBGC00015648	PKS-NRP_Hybrids	35777.5	20.5
GCC_0019061	Gut_unclassified,Urogenital_urinary_tract,Urogenital_vagina	19		EBI,NCBI_PRJNA28331	HMBGC00016566	Terpene	14750.6	14.1
GCC_0019167	Urogenital_vagina,Urogenital_unclassified	19		HMP,JGI,NCBI_PRJNA28331	HMBGC00016672	RiPPs	11086.2	11.6
GCC_0019178	Respiratory_upper,Respiratory_unclassified,Gut_unclassified,Respiratory_lower,Skin_unclassified,Urogenital_unclassified,Urogenital_vagina,Urogenital_urinary_tract	26	BGC0000308	HMP,JGI,EBI,NCBI_PRJNA28331	HMBGC00016683	NRPS	43671.0	32.8
GCC_0019294	Respiratory_lower	2		NCBI_PRJNA28331	HMBGC00016799	RiPPs	23529.0	17.0
GCC_0019295	Urogenital_urinary_tract	1		NCBI_PRJNA28331	HMBGC00016800	RiPPs	8179.0	10.0
GCC_0019346	Gut_unclassified,Gut_colon	12		EBI,NCBI_PRJNA28331	HMBGC00016851	RiPPs	21749.9	16.9
GCC_0019384	Gut_unclassified,Oral_unclassified,Respiratory_unclassified,Oral_cavity,Respiratory_lower,Skin_unclassified,Skin_leg	12		EBI,NCBI_PRJNA28331	HMBGC00016889	PKSother	40402.8	36.2
GCC_0019423	Gut_unclassified,Skin_unclassified,Urogenital_urinary_tract	8		EBI,NCBI_PRJNA28331	HMBGC00004219	Others	54760.0	46.4
GCC_0019437	Urogenital_unclassified,Urogenital_urinary_tract,Urogenital_uterus,Urogenital_vagina	7		NCBI_PRJNA28331	HMBGC00016942	RiPPs	6192.0	4.3
GCC_0019449	Respiratory_upper,Respiratory_unclassified,Gut_unclassified,Respiratory_lower,Skin_unclassified,Skin_leg,Urogenital_unclassified,Urogenital_vagina	28	BGC0002487	HMP,JGI,EBI,NCBI_PRJNA28331	HMBGC00016954	Others	20592.3	22.3
GCC_0019560	Oral_unclassified,Oral_cavity,Oral_plaque	6		EBI,NCBI_PRJNA28331	HMBGC00017065	NRPS	18879.7	16.0
GCC_0019575	Gut_colon	1		NCBI_PRJNA28331	HMBGC00017080	RiPPs	14328.0	11.0
GCC_0019583	Gut_bile_duct,Gut_unclassified,Oral_saliva	18	BGC0002476	JGI,EBI,NCBI_PRJNA28331	HMBGC00017088	Others	44178.9	42.1
GCC_0019610	Urogenital_vagina,Urogenital_urinary_tract	8		NCBI_PRJNA28331	HMBGC00017115	PKSother	41090.6	37.1
GCC_0019643	Urogenital_vagina,Respiratory_upper,Oral_unclassified	5		HMP,EBI,NCBI_PRJNA28331	HMBGC00017148	Others	18097.0	25.4
GCC_0019645	Gut_bile_duct,Gut_unclassified,Respiratory_lower,Urogenital_urinary_tract	4		JGI,EBI,NCBI_PRJNA28331	HMBGC00017150	RiPPs	17665.2	19.0
GCC_0019675	Urogenital_vagina,Gut_unclassified,Urogenital_urinary_tract	8	BGC0000972	NCBI_PRJNA28331	HMBGC00017180	PKS-NRP_Hybrids	45817.1	26.5
GCC_0019701	Gut_unclassified,Skin_arm,Urogenital_unclassified,Urogenital_urinary_tract,Urogenital_uterus,Urogenital_vagina	11		EBI,NCBI_PRJNA28331	HMBGC00017206	NRPS	42593.1	29.3
GCC_0019704	Skin_unclassified,Gut_unclassified,Skin_arm,Urogenital_vagina,Urogenital_unclassified,Urogenital_uterus,Urogenital_urinary_tract	18		JGI,EBI,NCBI_PRJNA28331	HMBGC00017209	NRPS	32343.9	24.9
GCC_0019709	Gut_unclassified,Respiratory_upper,Skin_unclassified,Skin_head,Urogenital_vagina,Oral_unclassified,Gut_colon,Respiratory_unclassified,Urogenital_unclassified,Oral_plaque,Oral_saliva,Respiratory_lower,Oral_cavity,Gut_small_intestine,Gut_bile_duct,Skin_leg,Urogenital_urinary_tract,Urogenital_uterus,Skin_arm,Gut_gallbladder	3873	BGC0000294,BGC0000295,BGC0000836,BGC0000853,BGC0000924,BGC0000936,BGC0000939,BGC0000942,BGC0000944,BGC0000946,BGC0000947,BGC0001478,BGC0001499,BGC0001572,BGC0001685,BGC0002052,BGC0002305,BGC0002471,BGC0002489,BGC0002490,BGC0002494,BGC0002682,BGC0002690	EBI,HMP,JGI,NCBI_PRJNA28331	HMBGC00017214	Others	23599.6	21.2
GCC_0019834	Urogenital_urinary_tract,Urogenital_unclassified,Urogenital_vagina	8		NCBI_PRJNA28331	HMBGC00017339	Terpene	20085.1	18.2
GCC_0019835	Urogenital_unclassified,Urogenital_urinary_tract	2		NCBI_PRJNA28331	HMBGC00016609	PKSother	28773.0	27.0
GCC_0019837	Urogenital_vagina	1		NCBI_PRJNA28331	HMBGC00017342	PKS-NRP_Hybrids	26111.0	16.0
GCC_0019886	Respiratory_upper,Skin_head,Respiratory_unclassified,Urogenital_vagina	7		HMP,JGI,NCBI_PRJNA28331	HMBGC00017392	RiPPs	4414.7	5.3
GCC_0019933	Urogenital_vagina,Urogenital_urinary_tract,Urogenital_unclassified	9		NCBI_PRJNA28331	HMBGC00017439	RiPPs	18140.6	15.9
GCC_0019965	Urogenital_uterus,Urogenital_vagina,Skin_unclassified,Gut_unclassified	10		NCBI_PRJNA28331	HMBGC00017471	NRPS,Others	41724.2	38.4
GCC_0019992	Gut_unclassified,Respiratory_lower,Respiratory_upper,Oral_unclassified	10		EBI,NCBI_PRJNA28331	HMBGC00017498	RiPPs	9720.6	10.0
GCC_0020071	Gut_unclassified,Urogenital_vagina,Respiratory_lower,Skin_unclassified,Gut_colon	19		EBI,NCBI_PRJNA28331	HMBGC00017577	NRPS,Others	37616.5	33.1
GCC_0020092	Gut_colon,Skin_arm	2		NCBI_PRJNA28331	HMBGC00017598	PKSother	46184.0	42.5
GCC_0020147	Gut_colon	5		NCBI_PRJNA28331	HMBGC00017653	RiPPs	21983.0	15.0
GCC_0020251	Respiratory_upper	1		NCBI_PRJNA28331	HMBGC00017757	PKS-NRP_Hybrids	55688.0	46.0
GCC_0020337	Respiratory_upper,Skin_head,Gut_unclassified,Oral_unclassified,Oral_saliva,Urogenital_vagina,Gut_colon,Skin_unclassified,Respiratory_unclassified,Urogenital_unclassified,Gut_small_intestine,Oral_cavity,Oral_plaque,Skin_leg,Respiratory_lower,Skin_arm,Gut_stomach,Urogenital_urinary_tract,Urogenital_uterus,Gut_gallbladder,Skin_torso	1046	BGC0001415,BGC0002381	HMP,EBI,JGI,NCBI_PRJNA28331	HMBGC00017843	PKSother,Terpene	32005.1	27.9
GCC_0020342	Urogenital_urinary_tract,Urogenital_vagina,Urogenital_unclassified	4		NCBI_PRJNA28331	HMBGC00017848	PKS-NRP_Hybrids	55333.0	43.2
GCC_0020380	Urogenital_vagina,Oral_unclassified,Gut_unclassified,Respiratory_lower,Respiratory_upper	13		HMP,JGI,EBI,NCBI_PRJNA28331	HMBGC00017886	RiPPs	18928.7	15.3
GCC_0020394	Respiratory_upper,Oral_unclassified,Urogenital_vagina,Gut_colon,Respiratory_lower,Skin_arm,Respiratory_unclassified	92		HMP,JGI,EBI,NCBI_PRJNA28331	HMBGC00017900	Others	30870.2	32.3
GCC_0020456	Skin_unclassified,Gut_unclassified,Skin_head,Skin_leg,Urogenital_vagina,Skin_arm,Urogenital_urinary_tract,Respiratory_upper,Urogenital_unclassified,Urogenital_uterus	53		JGI,EBI,HMP,NCBI_PRJNA28331	HMBGC00017962	Others	12830.4	10.2
GCC_0020457	Gut_unclassified,Skin_unclassified,Urogenital_vagina,Respiratory_lower,Urogenital_uterus,Urogenital_urinary_tract,Gut_colon,Urogenital_unclassified	70		EBI,JGI,NCBI_PRJNA28331	HMBGC00017963	RiPPs	19323.8	19.7
GCC_0020460	Gut_unclassified,Gut_colon,Urogenital_vagina,Urogenital_urinary_tract,Respiratory_unclassified	14		EBI,NCBI_PRJNA28331	HMBGC00017966	Others	49172.4	42.6
GCC_0020463	Respiratory_upper,Skin_head,Skin_unclassified	28		HMP,JGI,NCBI_PRJNA28331	HMBGC00017969	NRPS	20177.1	24.1
GCC_0020474	Skin_unclassified,Urogenital_urinary_tract,Respiratory_unclassified	14		JGI,NCBI_PRJNA28331	HMBGC00017980	Others	21819.4	24.6
GCC_0020477	Skin_head,Skin_unclassified,Respiratory_upper,Skin_leg,Urogenital_urinary_tract,Urogenital_uterus,Urogenital_vagina,Skin_arm,Gut_gallbladder,Skin_torso,Respiratory_lower	68		HMP,JGI,NCBI_PRJNA28331	HMBGC00017983	Others	12920.5	10.5
GCC_0020790	Skin_leg,Respiratory_upper,Gut_colon,Respiratory_lower,Oral_unclassified	8		NCBI_PRJNA28331	HMBGC00018296	PKSother	40562.6	34.5
GCC_0020861	Respiratory_lower,Urogenital_vagina,Gut_unclassified	10		NCBI_PRJNA28331	HMBGC00018367	RiPPs	36991.0	33.3
GCC_0020883	Oral_unclassified,Respiratory_lower,Respiratory_upper	5		JGI,EBI,NCBI_PRJNA28331	HMBGC00018389	Terpene	36000.8	39.2
GCC_0020942	Gut_unclassified,Urogenital_urinary_tract,Urogenital_unclassified,Urogenital_vagina	19		EBI,NCBI_PRJNA28331	HMBGC00018448	PKSI	41142.8	29.7
GCC_0020945	Skin_unclassified,Gut_colon,Urogenital_unclassified	11		JGI,EBI,NCBI_PRJNA28331	HMBGC00018451	RiPPs,PKSI	37431.5	28.0
GCC_0020946	Respiratory_unclassified,Skin_unclassified,Gut_unclassified,Respiratory_upper,Skin_head,Gut_colon,Urogenital_unclassified	77		JGI,EBI,HMP,NCBI_PRJNA28331	HMBGC00018452	NRPS	22727.5	19.4
GCC_0020947	Skin_head,Respiratory_upper,Skin_unclassified,Respiratory_unclassified,Gut_unclassified,Gut_colon,Urogenital_unclassified	70		HMP,JGI,EBI,NCBI_PRJNA28331	HMBGC00018453	Terpene	15960.3	11.3
GCC_0020962	Urogenital_urinary_tract,Urogenital_vagina	9		NCBI_PRJNA28331	HMBGC00018468	PKSI	41959.4	29.1
GCC_0020963	Gut_unclassified,Urogenital_urinary_tract,Urogenital_unclassified,Urogenital_vagina,Respiratory_lower,Skin_unclassified	45		EBI,NCBI_PRJNA28331	HMBGC00018469	NRPS	32130.7	26.2
GCC_0020964	Urogenital_unclassified,Urogenital_vagina,Urogenital_urinary_tract	9		NCBI_PRJNA28331	HMBGC00018470	Terpene	14100.2	13.7
GCC_0020971	Respiratory_upper,Oral_unclassified,Gut_unclassified,Oral_saliva,Urogenital_vagina	48		HMP,JGI,EBI,NCBI_PRJNA28331	HMBGC00018477	NRPS	24658.6	21.2
GCC_0020974	Skin_unclassified,Gut_unclassified,Urogenital_urinary_tract,Urogenital_vagina,Respiratory_lower,Respiratory_upper	19		JGI,EBI,NCBI_PRJNA28331	HMBGC00018480	PKSother	40668.1	36.4
GCC_0020979	Respiratory_upper,Oral_unclassified,Urogenital_vagina,Gut_colon,Respiratory_lower,Skin_arm,Respiratory_unclassified	35		HMP,JGI,EBI,NCBI_PRJNA28331	HMBGC00018485	Others	35988.5	34.7
GCC_0020989	Respiratory_upper,Skin_unclassified,Gut_unclassified,Oral_unclassified,Respiratory_lower	21	BGC0002685	HMP,JGI,EBI,NCBI_PRJNA28331	HMBGC00018495	NRPS	29903.1	18.8
GCC_0021102	Gut_colon,Gut_unclassified	7		EBI,NCBI_PRJNA28331	HMBGC00018608	Others	40376.1	34.3
GCC_0021104	Gut_unclassified,Urogenital_urinary_tract,Urogenital_vagina,Gut_colon,Respiratory_lower,Urogenital_uterus,Skin_unclassified	19		EBI,NCBI_PRJNA28331	HMBGC00018610	RiPPs	16382.1	11.7
GCC_0021183	Urogenital_vagina,Skin_leg,Urogenital_urinary_tract	4		NCBI_PRJNA28331	HMBGC00018689	PKSother	36061.8	35.8
GCC_0021195	Gut_unclassified,Gut_colon,Respiratory_upper	28		EBI,HMP,NCBI_PRJNA28331	HMBGC00018701	RiPPs	19026.3	14.2
GCC_0021215	Oral_saliva,Gut_unclassified,Respiratory_lower,Oral_unclassified,Respiratory_upper	8		EBI,NCBI_PRJNA28331	HMBGC00018721	PKSother	40688.2	34.5
GCC_0021241	Gut_unclassified,Gut_colon,Gut_bile_duct,Urogenital_urinary_tract	25		EBI,JGI,NCBI_PRJNA28331	HMBGC00018747	Others	52566.6	48.8
GCC_0021242	Gut_unclassified	1		NCBI_PRJNA28331	HMBGC00018748	PKS-NRP_Hybrids	35790.0	21.0
GCC_0021373	Respiratory_upper,Urogenital_vagina,Oral_unclassified,Oral_saliva,Gut_unclassified,Respiratory_lower	44		HMP,JGI,EBI,NCBI_PRJNA28331	HMBGC00018879	NRPS	36051.9	23.2
GCC_0021375	Gut_unclassified,Urogenital_vagina,Urogenital_unclassified,Urogenital_urinary_tract,Urogenital_uterus	22		EBI,NCBI_PRJNA28331	HMBGC00018881	Terpene	33867.6	30.7
GCC_0021548	Skin_unclassified,Gut_unclassified,Gut_colon	11	BGC0002689	JGI,EBI,NCBI_PRJNA28331	HMBGC00019054	NRPS	38169.5	35.1
GCC_0021630	Gut_unclassified,Urogenital_urinary_tract,Urogenital_vagina,Urogenital_uterus,Urogenital_unclassified	16		EBI,NCBI_PRJNA28331	HMBGC00019136	PKSother	40374.1	40.9
GCC_0021643	Urogenital_vagina,Urogenital_unclassified,Gut_unclassified	12		HMP,JGI,EBI,NCBI_PRJNA28331	HMBGC00019149	RiPPs	16165.1	14.0
