Genome	BioSample	env_broad_scale	env_local_scale	env_medium	isolation_source
MGYG000298242	SAMEA8395150	human-associated habitat	human oral cavity	not provided	not provided
MGYG000298155	SAMN14570611	human oral	human oral	saliva	saliva
MGYG000298534	SAMN10134573	NA	NA	NA	supragingival plaque isolated from 88 juvenile twins
MGYG000298071	SAMN14571080	human oral	human oral	saliva	saliva
MGYG000298410	SAMN14602645	NA	NA	NA	dental plaque
MGYG000299147	SAMEA8395106	human-associated habitat	human oral cavity	not provided	not provided
MGYG000298689	SAMEA8395193	human-associated habitat	human oral cavity	not provided	not provided
MGYG000298076	SAMEA8395169	human-associated habitat	human oral cavity	not provided	not provided
MGYG000298417	SAMEA8395119	human-associated habitat	human oral cavity	not provided	not provided
MGYG000298624	SAMEA8395273	human-associated habitat	human oral cavity	not provided	not provided
MGYG000298183	SAMEA9943389	Human oral metagenome	Human oral cavity	Saliva	human oral metagenome
MGYG000299064	SAMEA9921394	Human oral metagenome	Human oral cavity	Human oral cavity	human oral metagenome
MGYG000298237	SAMEA10220495	Human saliva metagenome	Human oral cavity	Saliva	human saliva metagenome
MGYG000298541	SAMEA10110242	Human oral metagenome	Human oral cavity	Saliva	human saliva metagenome
MGYG000298933	SAMEA10110190	Human oral metagenome	Human oral cavity	Saliva	human saliva metagenome
MGYG000298078	SAMEA9943353	Human oral metagenome	Human oral cavity	Saliva	human oral metagenome
MGYG000299259	SAMEA8395200	human-associated habitat	human oral cavity	not provided	not provided
MGYG000298817	SAMEA8395189	human-associated habitat	human oral cavity	not provided	not provided
MGYG000298999	SAMEA8395203	human-associated habitat	human oral cavity	not provided	not provided
MGYG000298948	SAMEA8395232	human-associated habitat	human oral cavity	not provided	not provided
MGYG000298230	SAMEA9943318	Human oral metagenome	Human oral cavity	Saliva	human oral metagenome
MGYG000298651	SAMN14602668	NA	NA	NA	tongue scraping
MGYG000298127	SAMEA8395279	human-associated habitat	human oral cavity	not provided	not provided
MGYG000299089	SAMN14570615	human oral	human oral	saliva	saliva
MGYG000298279	SAMN14571050	human oral	human oral	saliva	saliva
MGYG000298321	SAMN14571017	human oral	human oral	saliva	saliva
MGYG000298457	SAMEA8395161	human-associated habitat	human oral cavity	not provided	not provided
MGYG000298573	SAMEA8395250	human-associated habitat	human oral cavity	not provided	not provided
MGYG000298888	SAMEA8395307	human-associated habitat	human oral cavity	not provided	not provided
MGYG000299023	SAMEA10220456	Human saliva metagenome	Human oral cavity	Saliva	human saliva metagenome
MGYG000298202	SAMEA9943325	Human oral metagenome	Human oral cavity	Saliva	human oral metagenome
MGYG000298508	SAMEA8395165	human-associated habitat	human oral cavity	not provided	not provided
MGYG000298326	SAMN14602671	NA	NA	NA	tongue scraping
MGYG000298796	SAMEA8395291	human-associated habitat	human oral cavity	not provided	not provided
MGYG000298092	SAMEA10110146	Human oral metagenome	Human oral cavity	Saliva	human saliva metagenome
MGYG000299175	SAMEA8395176	human-associated habitat	human oral cavity	not provided	not provided
MGYG000298043	SAMEA8395234	human-associated habitat	human oral cavity	not provided	not provided
MGYG000298506	SAMEA9943406	Human oral metagenome	Human oral cavity	Saliva	human oral metagenome
MGYG000298974	SAMEA9921419	Human oral metagenome	Human oral cavity	Human oral cavity	human oral metagenome
MGYG000299080	SAMEA9943376	Human oral metagenome	Human oral cavity	Saliva	human oral metagenome
MGYG000298749	SAMEA8395108	human-associated habitat	human oral cavity	not provided	not provided
MGYG000299109	SAMN14570601	human oral	human oral	saliva	saliva
MGYG000298328	SAMEA9943382	Human oral metagenome	Human oral cavity	Saliva	human oral metagenome
MGYG000298160	SAMEA8395283	human-associated habitat	human oral cavity	not provided	not provided
MGYG000298038	SAMEA10110240	Human oral metagenome	Human oral cavity	Saliva	human saliva metagenome
MGYG000298732	SAMN14602655	NA	NA	NA	dental plaque
MGYG000298886	SAMEA8395210	human-associated habitat	human oral cavity	not provided	not provided
MGYG000299265	SAMN14570654	human oral	human oral	saliva	saliva
MGYG000298425	SAMEA8395114	human-associated habitat	human oral cavity	not provided	not provided
MGYG000298857	SAMEA10220501	Human saliva metagenome	Human oral cavity	Saliva	human saliva metagenome
MGYG000298266	SAMEA8395247	human-associated habitat	human oral cavity	not provided	not provided
MGYG000298171	SAMN14602633	NA	NA	NA	dental plaque
MGYG000298393	SAMEA9640651	human	oral cavity	saliva	human saliva metagenome
MGYG000298055	SAMEA8395214	human-associated habitat	human oral cavity	not provided	not provided
MGYG000298342	SAMEA8395085	human-associated habitat	human oral cavity	not provided	not provided
MGYG000298433	SAMEA8395212	human-associated habitat	human oral cavity	not provided	not provided
MGYG000298394	SAMEA9943366	Human oral metagenome	Human oral cavity	Saliva	human oral metagenome
MGYG000299273	SAMEA9921447	Human oral metagenome	Human oral cavity	Human oral cavity	human oral metagenome
MGYG000298052	SAMEA10110178	Human oral metagenome	Human oral cavity	Saliva	human saliva metagenome
MGYG000298083	SAMEA9943388	Human oral metagenome	Human oral cavity	Saliva	human oral metagenome
MGYG000299164	SAMEA10110150	Human oral metagenome	Human oral cavity	Saliva	human saliva metagenome
MGYG000298919	SAMEA8395141	human-associated habitat	human oral cavity	not provided	not provided
MGYG000298965	SAMN14570632	human oral	human oral	saliva	saliva
MGYG000298213	SAMEA9943307	Human oral metagenome	Human oral cavity	Saliva	human oral metagenome
MGYG000298917	SAMEA10220450	Human saliva metagenome	Human oral cavity	Saliva	human saliva metagenome
MGYG000299201	SAMEA9943370	Human oral metagenome	Human oral cavity	Saliva	human oral metagenome
MGYG000298787	SAMEA8395160	human-associated habitat	human oral cavity	not provided	not provided
MGYG000298020	SAMEA8395254	human-associated habitat	human oral cavity	not provided	not provided
MGYG000298337	SAMN14570756	human oral	human oral	saliva	saliva
MGYG000298490	SAMN14570728	human oral	human oral	saliva	saliva
MGYG000298178	SAMEA9921423	Human oral metagenome	Human oral cavity	Human oral cavity	human oral metagenome
MGYG000298751	SAMEA8395139	human-associated habitat	human oral cavity	not provided	not provided
MGYG000299111	SAMN14570596	human oral	human oral	saliva	saliva
MGYG000298899	SAMEA8395278	human-associated habitat	human oral cavity	not provided	not provided
MGYG000298675	SAMEA9921416	Human oral metagenome	Human oral cavity	Human oral cavity	human oral metagenome
MGYG000298562	SAMN14570608	human oral	human oral	saliva	saliva
MGYG000298473	SAMN14570582	human oral	human oral	saliva	saliva
MGYG000298379	SAMN14570635	human oral	human oral	saliva	saliva
MGYG000298136	SAMEA8391434	human-associated habitat	human oral cavity	saliva	Human saliva
MGYG000298221	SAMEA9921387	Human oral metagenome	Human oral cavity	Human oral cavity	human oral metagenome
MGYG000298069	SAMEA8395170	human-associated habitat	human oral cavity	not provided	not provided
MGYG000298302	SAMEA8395162	human-associated habitat	human oral cavity	not provided	not provided
MGYG000298474	SAMEA10220438	Human saliva metagenome	Human oral cavity	Saliva	human saliva metagenome
MGYG000298806	SAMEA10110237	Human oral metagenome	Human oral cavity	Saliva	human saliva metagenome
MGYG000298370	SAMEA8391431	human-associated habitat	human oral cavity	saliva	Human saliva
MGYG000298067	SAMEA8391433	human-associated habitat	human oral cavity	saliva	Human saliva
MGYG000298874	SAMN14602663	NA	NA	NA	tongue scraping
MGYG000299246	SAMN14602650	NA	NA	NA	dental plaque
MGYG000298808	SAMEA8395171	human-associated habitat	human oral cavity	not provided	not provided
MGYG000299075	SAMEA9943348	Human oral metagenome	Human oral cavity	Saliva	human oral metagenome
MGYG000298144	SAMEA8395301	human-associated habitat	human oral cavity	not provided	not provided
MGYG000298377	SAMEA9943399	Human oral metagenome	Human oral cavity	Saliva	human oral metagenome
MGYG000298716	SAMEA10110248	Human oral metagenome	Human oral cavity	Saliva	human saliva metagenome
MGYG000298401	SAMEA10110243	Human oral metagenome	Human oral cavity	Saliva	human saliva metagenome
MGYG000298138	SAMEA8395185	human-associated habitat	human oral cavity	not provided	not provided
MGYG000298559	SAMEA10220498	Human saliva metagenome	Human oral cavity	Saliva	human saliva metagenome
MGYG000298972	SAMEA8395180	human-associated habitat	human oral cavity	not provided	not provided
MGYG000299057	SAMN14570890	human oral	human oral	saliva	saliva
MGYG000298617	SAMEA8395207	human-associated habitat	human oral cavity	not provided	not provided
MGYG000298039	SAMN14602638	NA	NA	NA	dental plaque
MGYG000299173	SAMEA9943342	Human oral metagenome	Human oral cavity	Saliva	human oral metagenome
MGYG000298733	SAMN14570982	human oral	human oral	saliva	saliva
MGYG000298094	SAMEA10220506	Human saliva metagenome	Human oral cavity	Saliva	human saliva metagenome
MGYG000298352	SAMEA8394107	human-associated habitat	human oral cavity	saliva	Human saliva
MGYG000298383	SAMEA10110249	Human oral metagenome	Human oral cavity	Saliva	human saliva metagenome
MGYG000298424	SAMN14570575	human oral	human oral	saliva	saliva
MGYG000298045	SAMEA10110208	Human oral metagenome	Human oral cavity	Saliva	human saliva metagenome
MGYG000298093	SAMN14602654	NA	NA	NA	dental plaque
MGYG000299174	SAMN14570604	human oral	human oral	saliva	saliva
MGYG000298851	SAMN14570694	human oral	human oral	saliva	saliva
MGYG000299081	SAMN14602651	NA	NA	NA	dental plaque
MGYG000299050	SAMEA8395143	human-associated habitat	human oral cavity	not provided	not provided
MGYG000298329	SAMEA10110175	Human oral metagenome	Human oral cavity	Saliva	human saliva metagenome
MGYG000298799	SAMEA8395205	human-associated habitat	human oral cavity	not provided	not provided
MGYG000299022	SAMEA10220520	Human saliva metagenome	Human oral cavity	Saliva	human saliva metagenome
MGYG000299211	SAMEA9943421	Human oral metagenome	Human oral cavity	Saliva	human oral metagenome
MGYG000298823	SAMEA8395311	human-associated habitat	human oral cavity	not provided	not provided
MGYG000298030	SAMEA8394101	human-associated habitat	human oral cavity	saliva	Human saliva
MGYG000298619	SAMEA9921426	Human oral metagenome	Human oral cavity	Human oral cavity	human oral metagenome
MGYG000299101	SAMEA8395204	human-associated habitat	human oral cavity	not provided	not provided
MGYG000298824	SAMN14570808	human oral	human oral	saliva	saliva
MGYG000299216	SAMEA9943354	Human oral metagenome	Human oral cavity	Saliva	human oral metagenome
MGYG000298113	SAMEA9943418	Human oral metagenome	Human oral cavity	Saliva	human oral metagenome
MGYG000298665	SAMEA9943315	Human oral metagenome	Human oral cavity	Saliva	human oral metagenome
MGYG000299025	SAMN14570622	human oral	human oral	saliva	saliva
MGYG000298858	SAMEA8395265	human-associated habitat	human oral cavity	not provided	not provided
MGYG000298463	SAMN14570663	human oral	human oral	saliva	saliva
MGYG000298811	SAMN14570662	human oral	human oral	saliva	saliva
MGYG000299223	SAMN14571046	human oral	human oral	saliva	saliva
MGYG000298315	SAMEA10220458	Human saliva metagenome	Human oral cavity	Saliva	human saliva metagenome
MGYG000299134	SAMN14602673	NA	NA	NA	tongue scraping
MGYG000298596	SAMEA10110164	Human oral metagenome	Human oral cavity	Saliva	human saliva metagenome
MGYG000299010	SAMEA10220473	Human saliva metagenome	Human oral cavity	Saliva	human saliva metagenome
MGYG000298547	SAMEA9873877	Human oral metagenome	Human oral cavity	Subgingival plaque	human oral metagenome
MGYG000299199	SAMEA8395233	human-associated habitat	human oral cavity	not provided	not provided
MGYG000298369	SAMN14571069	human oral	human oral	saliva	saliva
MGYG000299148	SAMN14570568	human oral	human oral	saliva	saliva
MGYG000298236	SAMN14570673	human oral	human oral	saliva	saliva
MGYG000298591	SAMEA8395309	human-associated habitat	human oral cavity	not provided	not provided
MGYG000299017	SAMEA9921385	Human oral metagenome	Human oral cavity	Human oral cavity	human oral metagenome
MGYG000298932	SAMN14570895	human oral	human oral	saliva	saliva
MGYG000298079	SAMEA8395125	human-associated habitat	human oral cavity	not provided	not provided
MGYG000299258	SAMEA10110181	Human oral metagenome	Human oral cavity	Saliva	human saliva metagenome
MGYG000298418	SAMN14602656	NA	NA	NA	dental plaque
MGYG000298773	SAMN14570907	human oral	human oral	saliva	saliva
MGYG000298659	SAMN14602637	NA	NA	NA	dental plaque
MGYG000299190	SAMEA8395091	human-associated habitat	human oral cavity	not provided	not provided
MGYG000298077	SAMEA8395198	human-associated habitat	human oral cavity	not provided	not provided
MGYG000298864	SAMEA8395274	human-associated habitat	human oral cavity	not provided	not provided
MGYG000299256	SAMEA8395299	human-associated habitat	human oral cavity	not provided	not provided
MGYG000298360	SAMEA8395191	human-associated habitat	human oral cavity	not provided	not provided
MGYG000298991	SAMEA10220468	Human saliva metagenome	Human oral cavity	Saliva	human saliva metagenome
MGYG000298182	SAMEA8395228	human-associated habitat	human oral cavity	not provided	not provided
MGYG000298153	SAMEA8395129	human-associated habitat	human oral cavity	not provided	not provided
MGYG000299062	SAMEA8395224	human-associated habitat	human oral cavity	not provided	not provided
MGYG000298154	SAMEA8395148	human-associated habitat	human oral cavity	not provided	not provided
MGYG000298292	SAMEA10220475	Human saliva metagenome	Human oral cavity	Saliva	human saliva metagenome
MGYG000298947	SAMN14602641	NA	NA	NA	dental plaque
MGYG000298128	SAMN14571030	human oral	human oral	saliva	saliva
MGYG000298070	SAMN14602634	NA	NA	NA	dental plaque
MGYG000299251	SAMN14570723	human oral	human oral	saliva	saliva
MGYG000298524	SAMEA9640649	human	oral cavity	saliva	human saliva metagenome
MGYG000298956	SAMEA8395149	human-associated habitat	human oral cavity	not provided	not provided
MGYG000299073	SAMEA8395286	human-associated habitat	human oral cavity	not provided	not provided
MGYG000298376	SAMN14570676	human oral	human oral	saliva	saliva
MGYG000299240	SAMEA9943416	Human oral metagenome	Human oral cavity	Saliva	human oral metagenome
MGYG000298400	SAMN14570729	human oral	human oral	saliva	saliva
MGYG000298139	SAMEA8395154	human-associated habitat	human oral cavity	not provided	not provided
MGYG000298558	SAMN14570796	human oral	human oral	saliva	saliva
MGYG000298371	SAMN14571072	human oral	human oral	saliva	saliva
MGYG000298066	SAMEA10110186	Human oral metagenome	Human oral cavity	Saliva	human saliva metagenome
MGYG000298875	SAMEA8395244	human-associated habitat	human oral cavity	not provided	not provided
MGYG000299008	SAMEA8395097	human-associated habitat	human oral cavity	not provided	not provided
MGYG000298142	SAMN14570724	human oral	human oral	saliva	saliva
MGYG000298523	SAMEA8395287	human-associated habitat	human oral cavity	not provided	not provided
MGYG000298193	SAMEA8395304	human-associated habitat	human oral cavity	not provided	not provided
MGYG000298068	SAMN14602653	NA	NA	NA	dental plaque
MGYG000299249	SAMEA10110183	Human oral metagenome	Human oral cavity	Saliva	human saliva metagenome
MGYG000298697	SAMEA10220524	Human saliva metagenome	Human oral cavity	Saliva	human saliva metagenome
MGYG000298923	SAMEA10110160	Human oral metagenome	Human oral cavity	Saliva	human saliva metagenome
MGYG000298551	SAMEA8395088	human-associated habitat	human oral cavity	not provided	not provided
MGYG000298646	SAMEA9943356	Human oral metagenome	Human oral cavity	Saliva	human oral metagenome
MGYG000298303	SAMEA10110188	Human oral metagenome	Human oral cavity	Saliva	human saliva metagenome
MGYG000299235	SAMN14602662	NA	NA	NA	tongue scraping
MGYG000298475	SAMEA8395173	human-associated habitat	human oral cavity	not provided	not provided
MGYG000298013	SAMN14570735	human oral	human oral	saliva	saliva
MGYG000298378	SAMEA8395251	human-associated habitat	human oral cavity	not provided	not provided
MGYG000299188	SAMEA8391137	human-associated habitat	human oral cavity	subgingival plaque	Human Oral Subgingival Plaque
MGYG000298690	SAMEA8395126	human-associated habitat	human oral cavity	not provided	not provided
MGYG000298137	SAMEA8395272	human-associated habitat	human oral cavity	not provided	not provided
MGYG000298556	SAMEA8395303	human-associated habitat	human oral cavity	not provided	not provided
MGYG000299001	SAMN14570584	human oral	human oral	saliva	saliva
MGYG000299207	SAMEA9943334	Human oral metagenome	Human oral cavity	Saliva	human oral metagenome
MGYG000298750	SAMEA9921441	Human oral metagenome	Human oral cavity	Human oral cavity	human oral metagenome
MGYG000298496	SAMEA8395300	human-associated habitat	human oral cavity	not provided	not provided
MGYG000298608	SAMN14602669	NA	NA	NA	tongue scraping
MGYG000298849	SAMN14570710	human oral	human oral	saliva	saliva
MGYG000298563	SAMEA9640639	human	oral cavity	saliva	human saliva metagenome
MGYG000298102	SAMN14571089	human oral	human oral	saliva	saliva
MGYG000299033	SAMEA10220462	Human saliva metagenome	Human oral cavity	Saliva	human saliva metagenome
MGYG000298673	SAMEA8395246	human-associated habitat	human oral cavity	not provided	not provided
MGYG000298105	SAMEA9943420	Human oral metagenome	Human oral cavity	Saliva	human oral metagenome
MGYG000299200	SAMEA10220437	Human saliva metagenome	Human oral cavity	Saliva	human saliva metagenome
MGYG000298832	SAMEA8395293	human-associated habitat	human oral cavity	not provided	not provided
MGYG000298021	SAMN14570687	human oral	human oral	saliva	saliva
MGYG000298757	SAMEA10110212	Human oral metagenome	Human oral cavity	Saliva	human saliva metagenome
MGYG000298432	SAMEA8395241	human-associated habitat	human oral cavity	not provided	not provided
MGYG000298840	SAMEA10220502	Human saliva metagenome	Human oral cavity	Saliva	human saliva metagenome
MGYG000299272	SAMEA8395276	human-associated habitat	human oral cavity	not provided	not provided
MGYG000298053	SAMEA8395231	human-associated habitat	human oral cavity	not provided	not provided
MGYG000298725	SAMEA10220463	Human saliva metagenome	Human oral cavity	Saliva	human saliva metagenome
MGYG000298344	SAMEA8395202	human-associated habitat	human oral cavity	not provided	not provided
MGYG000298918	SAMEA10110211	Human oral metagenome	Human oral cavity	Saliva	human saliva metagenome
MGYG000298788	SAMEA8395151	human-associated habitat	human oral cavity	not provided	not provided
MGYG000298759	SAMEA8395262	human-associated habitat	human oral cavity	not provided	not provided
MGYG000298338	SAMN14571033	human oral	human oral	saliva	saliva
MGYG000299041	SAMEA9921408	Human oral metagenome	Human oral cavity	Human oral cavity	human oral metagenome
MGYG000298964	SAMEA8395225	human-associated habitat	human oral cavity	not provided	not provided
MGYG000298177	SAMEA9921399	Human oral metagenome	Human oral cavity	Human oral cavity	human oral metagenome
MGYG000298449	SAMEA8395248	human-associated habitat	human oral cavity	not provided	not provided
MGYG000298028	SAMEA8395227	human-associated habitat	human oral cavity	not provided	not provided
MGYG000298267	SAMEA10110169	Human oral metagenome	Human oral cavity	Saliva	human saliva metagenome
MGYG000298963	SAMEA8395138	human-associated habitat	human oral cavity	not provided	not provided
MGYG000298392	SAMEA8395260	human-associated habitat	human oral cavity	not provided	not provided
MGYG000298054	SAMEA8395222	human-associated habitat	human oral cavity	not provided	not provided
MGYG000298085	SAMEA8395115	human-associated habitat	human oral cavity	not provided	not provided
MGYG000298896	SAMEA8395296	human-associated habitat	human oral cavity	not provided	not provided
MGYG000299153	SAMEA10110210	Human oral metagenome	Human oral cavity	Saliva	human saliva metagenome
MGYG000298404	SAMEA8395181	human-associated habitat	human oral cavity	not provided	not provided
MGYG000298065	SAMN14570857	human oral	human oral	saliva	saliva
MGYG000298478	SAMEA8395258	human-associated habitat	human oral cavity	not provided	not provided
MGYG000298952	SAMEA10110170	Human oral metagenome	Human oral cavity	Saliva	human saliva metagenome
MGYG000298190	SAMEA8395280	human-associated habitat	human oral cavity	not provided	not provided
MGYG000298256	SAMEA8395271	human-associated habitat	human oral cavity	not provided	not provided
MGYG000299128	SAMEA8395235	human-associated habitat	human oral cavity	not provided	not provided
MGYG000298309	SAMEA8395236	human-associated habitat	human oral cavity	not provided	not provided
MGYG000298146	SAMEA8391139	human-associated habitat	human oral cavity	subgingival plaque	Human Oral Subgingival Plaque
MGYG000298197	SAMEA10110202	Human oral metagenome	Human oral cavity	Saliva	human saliva metagenome
MGYG000299070	SAMEA10110221	Human oral metagenome	Human oral cavity	Saliva	human saliva metagenome
MGYG000298714	SAMN14571027	human oral	human oral	saliva	saliva
MGYG000298375	SAMEA9943387	Human oral metagenome	Human oral cavity	Saliva	human oral metagenome
MGYG000298403	SAMN14570589	human oral	human oral	saliva	saliva
MGYG000298929	SAMN14570734	human oral	human oral	saliva	saliva
MGYG000299126	SAMEA8395130	human-associated habitat	human oral cavity	not provided	not provided
MGYG000299231	SAMEA9921436	Human oral metagenome	Human oral cavity	Human oral cavity	human oral metagenome
MGYG000298471	SAMEA8395281	human-associated habitat	human oral cavity	not provided	not provided
MGYG000298803	SAMEA8395157	human-associated habitat	human oral cavity	not provided	not provided
MGYG000298148	SAMN14570640	human oral	human oral	saliva	saliva
MGYG000298927	SAMEA9921378	Human oral metagenome	Human oral cavity	Human oral cavity	human oral metagenome
MGYG000298555	SAMEA8395155	human-associated habitat	human oral cavity	not provided	not provided
MGYG000298134	SAMEA10110205	Human oral metagenome	Human oral cavity	Saliva	human saliva metagenome
MGYG000298642	SAMEA9921405	Human oral metagenome	Human oral cavity	Human oral cavity	human oral metagenome
MGYG000298584	SAMEA8395147	human-associated habitat	human oral cavity	not provided	not provided
MGYG000298133	SAMN14570606	human oral	human oral	saliva	saliva
MGYG000298645	SAMEA10220441	Human saliva metagenome	Human oral cavity	Saliva	human saliva metagenome
MGYG000298476	SAMEA10110244	Human oral metagenome	Human oral cavity	Saliva	human saliva metagenome
MGYG000299236	SAMEA9921425	Human oral metagenome	Human oral cavity	Human oral cavity	human oral metagenome
MGYG000299079	SAMEA8395175	human-associated habitat	human oral cavity	not provided	not provided
MGYG000298728	SAMN14570855	human oral	human oral	saliva	saliva
MGYG000299168	SAMEA8395197	human-associated habitat	human oral cavity	not provided	not provided
MGYG000298211	SAMEA8395261	human-associated habitat	human oral cavity	not provided	not provided
MGYG000298670	SAMN14570671	human oral	human oral	saliva	saliva
MGYG000298106	SAMEA9921404	Human oral metagenome	Human oral cavity	Human oral cavity	human oral metagenome
MGYG000298915	SAMN14570699	human oral	human oral	saliva	saliva
MGYG000298022	SAMN14570798	human oral	human oral	saliva	saliva
MGYG000298785	SAMEA8395295	human-associated habitat	human oral cavity	not provided	not provided
MGYG000298831	SAMEA8395196	human-associated habitat	human oral cavity	not provided	not provided
MGYG000298443	SAMEA8395100	human-associated habitat	human oral cavity	not provided	not provided
MGYG000298754	SAMN14571090	human oral	human oral	saliva	saliva
MGYG000299114	SAMEA10110149	Human oral metagenome	Human oral cavity	Saliva	human saliva metagenome
MGYG000298969	SAMN14570664	human oral	human oral	saliva	saliva
MGYG000298059	SAMEA8395282	human-associated habitat	human oral cavity	not provided	not provided
MGYG000298438	SAMEA8395242	human-associated habitat	human oral cavity	not provided	not provided
MGYG000298088	SAMEA8395259	human-associated habitat	human oral cavity	not provided	not provided
MGYG000298101	SAMEA10110215	Human oral metagenome	Human oral cavity	Saliva	human saliva metagenome
MGYG000298605	SAMEA9943407	Human oral metagenome	Human oral cavity	Saliva	human oral metagenome
MGYG000299094	SAMEA10110151	Human oral metagenome	Human oral cavity	Saliva	human saliva metagenome
MGYG000298173	SAMEA8395187	human-associated habitat	human oral cavity	not provided	not provided
MGYG000298960	SAMN14570610	human oral	human oral	saliva	saliva
MGYG000298512	SAMEA10110239	Human oral metagenome	Human oral cavity	Saliva	human saliva metagenome
MGYG000298895	SAMN14570959	human oral	human oral	saliva	saliva
MGYG000298218	SAMEA10110214	Human oral metagenome	Human oral cavity	Saliva	human saliva metagenome
MGYG000298050	SAMEA8395172	human-associated habitat	human oral cavity	not provided	not provided
MGYG000298843	SAMN14602670	NA	NA	NA	tongue scraping
MGYG000298347	SAMEA9921434	Human oral metagenome	Human oral cavity	Human oral cavity	human oral metagenome
MGYG000298892	SAMEA8395182	human-associated habitat	human oral cavity	not provided	not provided
MGYG000298726	SAMEA9943347	Human oral metagenome	Human oral cavity	Saliva	human oral metagenome
MGYG000299042	SAMEA10220480	Human saliva metagenome	Human oral cavity	Saliva	human saliva metagenome
MGYG000299177	SAMN14570775	human oral	human oral	saliva	saliva
MGYG000298090	SAMEA8395158	human-associated habitat	human oral cavity	not provided	not provided
MGYG000298041	SAMN14570677	human oral	human oral	saliva	saliva
MGYG000298852	SAMEA10220449	Human saliva metagenome	Human oral cavity	Saliva	human saliva metagenome
MGYG000298165	SAMEA8395285	human-associated habitat	human oral cavity	not provided	not provided
MGYG000298976	SAMN14602681	NA	NA	NA	tongue scraping
MGYG000298504	SAMEA10110201	Human oral metagenome	Human oral cavity	Saliva	human saliva metagenome
MGYG000298503	SAMEA8395269	human-associated habitat	human oral cavity	not provided	not provided
MGYG000299054	SAMEA8395277	human-associated habitat	human oral cavity	not provided	not provided
MGYG000299028	SAMEA10110218	Human oral metagenome	Human oral cavity	Saliva	human saliva metagenome
MGYG000298046	SAMEA8395111	human-associated habitat	human oral cavity	not provided	not provided
MGYG000298380	SAMN14570700	human oral	human oral	saliva	saliva
MGYG000298484	SAMEA8395188	human-associated habitat	human oral cavity	not provided	not provided
MGYG000298742	SAMEA8395132	human-associated habitat	human oral cavity	not provided	not provided
MGYG000298793	SAMEA8394103	human-associated habitat	human oral cavity	saliva	Human saliva
MGYG000299215	SAMEA8395081	human-associated habitat	human oral cavity	not provided	not provided
MGYG000298455	SAMEA8395288	human-associated habitat	human oral cavity	not provided	not provided
MGYG000298571	SAMN14602649	NA	NA	NA	dental plaque
MGYG000298207	SAMEA8395253	human-associated habitat	human oral cavity	not provided	not provided
MGYG000298117	SAMEA8395123	human-associated habitat	human oral cavity	not provided	not provided
MGYG000298576	SAMN14570620	human oral	human oral	saliva	saliva
MGYG000298200	SAMEA9943350	Human oral metagenome	Human oral cavity	Saliva	human oral metagenome
MGYG000298661	SAMEA8395099	human-associated habitat	human oral cavity	not provided	not provided
MGYG000298358	SAMEA8395179	human-associated habitat	human oral cavity	not provided	not provided
MGYG000299179	SAMEA10220448	Human saliva metagenome	Human oral cavity	Saliva	human saliva metagenome
MGYG000298389	SAMEA9640646	human	oral cavity	saliva	human saliva metagenome
MGYG000298745	SAMN14602644	NA	NA	NA	dental plaque
MGYG000299105	SAMN14570614	human oral	human oral	saliva	saliva
MGYG000298452	SAMEA8395089	human-associated habitat	human oral cavity	not provided	not provided
MGYG000299212	SAMEA8395267	human-associated habitat	human oral cavity	not provided	not provided
MGYG000298654	SAMEA10220453	Human saliva metagenome	Human oral cavity	Saliva	human saliva metagenome
MGYG000298543	SAMEA8395257	human-associated habitat	human oral cavity	not provided	not provided
MGYG000298685	SAMEA10110154	Human oral metagenome	Human oral cavity	Saliva	human saliva metagenome
MGYG000298628	SAMN14570660	human oral	human oral	saliva	saliva
MGYG000299068	SAMEA9943303	Human oral metagenome	Human oral cavity	Saliva	human oral metagenome
MGYG000298467	SAMN14570670	human oral	human oral	saliva	saliva
MGYG000299227	SAMN14570595	human oral	human oral	saliva	saliva
MGYG000298770	SAMEA8395095	human-associated habitat	human oral cavity	not provided	not provided
MGYG000298538	SAMEA8395164	human-associated habitat	human oral cavity	not provided	not provided
MGYG000298159	SAMN14570924	human oral	human oral	saliva	saliva
MGYG000299137	SAMEA8395124	human-associated habitat	human oral cavity	not provided	not provided
MGYG000298777	SAMEA10220452	Human saliva metagenome	Human oral cavity	Saliva	human saliva metagenome
MGYG000298125	SAMN14570658	human oral	human oral	saliva	saliva
MGYG000298621	SAMEA9640647	human	oral cavity	saliva	human saliva metagenome
MGYG000298536	SAMEA8395305	human-associated habitat	human oral cavity	not provided	not provided
MGYG000298944	SAMEA9943314	Human oral metagenome	Human oral cavity	Saliva	human oral metagenome
MGYG000298779	SAMN14602647	NA	NA	NA	dental plaque
MGYG000298860	SAMEA8395216	human-associated habitat	human oral cavity	not provided	not provided
MGYG000299252	SAMEA8395217	human-associated habitat	human oral cavity	not provided	not provided
MGYG000299145	SAMEA10220469	Human saliva metagenome	Human oral cavity	Saliva	human saliva metagenome
MGYG000299193	SAMEA8395292	human-associated habitat	human oral cavity	not provided	not provided
MGYG000298702	SAMEA8395239	human-associated habitat	human oral cavity	not provided	not provided
MGYG000298363	SAMEA8395159	human-associated habitat	human oral cavity	not provided	not provided
MGYG000298181	SAMEA10110159	Human oral metagenome	Human oral cavity	Saliva	human saliva metagenome
MGYG000298626	SAMEA9943316	Human oral metagenome	Human oral cavity	Saliva	human oral metagenome
MGYG000298943	SAMEA8395289	human-associated habitat	human oral cavity	not provided	not provided
MGYG000298531	SAMEA10110152	Human oral metagenome	Human oral cavity	Saliva	human saliva metagenome
MGYG000298296	SAMN14570590	human oral	human oral	saliva	saliva
MGYG000299270	SAMEA9640650	human	oral cavity	saliva	human saliva metagenome
MGYG000298842	SAMEA8395174	human-associated habitat	human oral cavity	not provided	not provided
MGYG000298893	SAMN14570835	human oral	human oral	saliva	saliva
MGYG000298346	SAMEA8395110	human-associated habitat	human oral cavity	not provided	not provided
MGYG000299167	SAMN14570631	human oral	human oral	saliva	saliva
MGYG000298080	SAMN14570706	human oral	human oral	saliva	saliva
MGYG000298727	SAMN14570725	human oral	human oral	saliva	saliva
MGYG000298568	SAMEA9943339	Human oral metagenome	Human oral cavity	Saliva	human oral metagenome
MGYG000299043	SAMEA10110216	Human oral metagenome	Human oral cavity	Saliva	human saliva metagenome
MGYG000299092	SAMEA8391445	human-associated habitat	human oral cavity	saliva	Human saliva
MGYG000298514	SAMEA8395238	human-associated habitat	human oral cavity	not provided	not provided
MGYG000298966	SAMEA8395306	human-associated habitat	human oral cavity	not provided	not provided
MGYG000298265	SAMEA8395256	human-associated habitat	human oral cavity	not provided	not provided
MGYG000298961	SAMN14570780	human oral	human oral	saliva	saliva
MGYG000298513	SAMEA8395145	human-associated habitat	human oral cavity	not provided	not provided
MGYG000298437	SAMEA8395255	human-associated habitat	human oral cavity	not provided	not provided
MGYG000298341	SAMEA10110200	Human oral metagenome	Human oral cavity	Saliva	human saliva metagenome
MGYG000299160	SAMN14570661	human oral	human oral	saliva	saliva
MGYG000298678	SAMEA8395094	human-associated habitat	human oral cavity	not provided	not provided
MGYG000298024	SAMEA10110142	Human oral metagenome	Human oral cavity	Saliva	human saliva metagenome
MGYG000299205	SAMEA8395113	human-associated habitat	human oral cavity	not provided	not provided
MGYG000298445	SAMEA10110165	Human oral metagenome	Human oral cavity	Saliva	human saliva metagenome
MGYG000298837	SAMEA9943320	Human oral metagenome	Human oral cavity	Saliva	human oral metagenome
MGYG000298494	SAMEA8395127	human-associated habitat	human oral cavity	not provided	not provided
MGYG000298333	SAMEA8395101	human-associated habitat	human oral cavity	not provided	not provided
MGYG000298089	SAMN14570602	human oral	human oral	saliva	saliva
MGYG000298676	SAMEA8395209	human-associated habitat	human oral cavity	not provided	not provided
MGYG000298348	SAMEA8395243	human-associated habitat	human oral cavity	not provided	not provided
MGYG000299031	SAMEA8395167	human-associated habitat	human oral cavity	not provided	not provided
MGYG000298023	SAMEA10220440	Human saliva metagenome	Human oral cavity	Saliva	human saliva metagenome
MGYG000298830	SAMEA8395199	human-associated habitat	human oral cavity	not provided	not provided
MGYG000299202	SAMEA9943327	Human oral metagenome	Human oral cavity	Saliva	human oral metagenome
MGYG000298334	SAMN14571065	human oral	human oral	saliva	saliva
MGYG000299004	SAMEA8395208	human-associated habitat	human oral cavity	not provided	not provided
MGYG000298225	SAMEA8395153	human-associated habitat	human oral cavity	not provided	not provided
MGYG000298582	SAMN14570593	human oral	human oral	saliva	saliva
MGYG000298760	SAMEA10110192	Human oral metagenome	Human oral cavity	Saliva	human saliva metagenome
MGYG000299120	SAMEA8395290	human-associated habitat	human oral cavity	not provided	not provided
MGYG000298301	SAMEA8395121	human-associated habitat	human oral cavity	not provided	not provided
MGYG000299237	SAMEA8391429	human-associated habitat	human oral cavity	saliva	Human saliva
MGYG000298692	SAMEA8395090	human-associated habitat	human oral cavity	not provided	not provided
MGYG000299003	SAMEA8395218	human-associated habitat	human oral cavity	not provided	not provided
MGYG000298222	SAMEA8395206	human-associated habitat	human oral cavity	not provided	not provided
MGYG000298769	SAMEA8395120	human-associated habitat	human oral cavity	not provided	not provided
MGYG000299129	SAMEA8391534	human-associated habitat	human oral cavity	saliva	Human saliva
MGYG000298526	SAMEA9943408	Human oral metagenome	Human oral cavity	Saliva	human oral metagenome
MGYG000298985	SAMN14570850	human oral	human oral	saliva	saliva
MGYG000298402	SAMEA8395223	human-associated habitat	human oral cavity	not provided	not provided
MGYG000298063	SAMEA8395192	human-associated habitat	human oral cavity	not provided	not provided
MGYG000298405	SAMN14570627	human oral	human oral	saliva	saliva
MGYG000298479	SAMEA10110194	Human oral metagenome	Human oral cavity	Saliva	human saliva metagenome
MGYG000298953	SAMEA8395284	human-associated habitat	human oral cavity	not provided	not provided
MGYG000299076	SAMEA8395144	human-associated habitat	human oral cavity	not provided	not provided
MGYG000298636	SAMEA8395163	human-associated habitat	human oral cavity	not provided	not provided
MGYG000298866	SAMEA9921410	Human oral metagenome	Human oral cavity	Human oral cavity	human oral metagenome
MGYG000299192	SAMEA10110162	Human oral metagenome	Human oral cavity	Saliva	human saliva metagenome
MGYG000299067	SAMEA10220519	Human saliva metagenome	Human oral cavity	Saliva	human saliva metagenome
MGYG000298627	SAMN14602682	NA	NA	NA	tongue scraping
MGYG000298993	SAMEA8395107	human-associated habitat	human oral cavity	not provided	not provided
MGYG000298942	SAMEA9921392	Human oral metagenome	Human oral cavity	Human oral cavity	human oral metagenome
MGYG000298530	SAMEA8395186	human-associated habitat	human oral cavity	not provided	not provided
MGYG000298187	SAMEA10110173	Human oral metagenome	Human oral cavity	Saliva	human saliva metagenome
MGYG000298945	SAMN14570672	human oral	human oral	saliva	saliva
MGYG000298290	SAMN14570986	human oral	human oral	saliva	saliva
MGYG000298156	SAMN14571085	human oral	human oral	saliva	saliva
MGYG000299138	SAMN14602678	NA	NA	NA	tongue scraping
MGYG000298319	SAMEA10110157	Human oral metagenome	Human oral cavity	Saliva	human saliva metagenome
MGYG000298861	SAMN14570607	human oral	human oral	saliva	saliva
MGYG000299253	SAMN14570795	human oral	human oral	saliva	saliva
MGYG000298072	SAMEA10110195	Human oral metagenome	Human oral cavity	Saliva	human saliva metagenome
MGYG000298365	SAMEA8395083	human-associated habitat	human oral cavity	not provided	not provided
MGYG000299136	SAMN14571053	human oral	human oral	saliva	saliva
MGYG000298594	SAMEA8395093	human-associated habitat	human oral cavity	not provided	not provided
MGYG000298545	SAMN14570623	human oral	human oral	saliva	saliva
MGYG000298937	SAMN14570642	human oral	human oral	saliva	saliva
MGYG000299015	SAMEA10220483	Human saliva metagenome	Human oral cavity	Saliva	human saliva metagenome
MGYG000298542	SAMEA8395302	human-associated habitat	human oral cavity	not provided	not provided
MGYG000298629	SAMEA8395230	human-associated habitat	human oral cavity	not provided	not provided
MGYG000298466	SAMEA8395178	human-associated habitat	human oral cavity	not provided	not provided
MGYG000298905	SAMEA8395092	human-associated habitat	human oral cavity	not provided	not provided
MGYG000298359	SAMEA10110185	Human oral metagenome	Human oral cavity	Saliva	human saliva metagenome
MGYG000298388	SAMN14570638	human oral	human oral	saliva	saliva
MGYG000298979	SAMEA10110223	Human oral metagenome	Human oral cavity	Saliva	human saliva metagenome
MGYG000298482	SAMEA9943423	Human oral metagenome	Human oral cavity	Saliva	human oral metagenome
MGYG000298453	SAMEA8395098	human-associated habitat	human oral cavity	not provided	not provided
MGYG000298322	SAMEA10110196	Human oral metagenome	Human oral cavity	Saliva	human saliva metagenome
MGYG000299103	SAMEA8395135	human-associated habitat	human oral cavity	not provided	not provided
MGYG000298035	SAMEA8395190	human-associated habitat	human oral cavity	not provided	not provided
MGYG000298826	SAMN14570861	human oral	human oral	saliva	saliva
MGYG000298111	SAMEA8395117	human-associated habitat	human oral cavity	not provided	not provided
MGYG000298570	SAMEA9943397	Human oral metagenome	Human oral cavity	Saliva	human oral metagenome
MGYG000298902	SAMEA8395263	human-associated habitat	human oral cavity	not provided	not provided
MGYG000298206	SAMEA8395102	human-associated habitat	human oral cavity	not provided	not provided
MGYG000299027	SAMN14570636	human oral	human oral	saliva	saliva
MGYG000298667	SAMEA8395213	human-associated habitat	human oral cavity	not provided	not provided
MGYG000298049	SAMN14570856	human oral	human oral	saliva	saliva
MGYG000298669	SAMEA8395297	human-associated habitat	human oral cavity	not provided	not provided
MGYG000298350	SAMEA8395112	human-associated habitat	human oral cavity	not provided	not provided
MGYG000298381	SAMEA8395122	human-associated habitat	human oral cavity	not provided	not provided
MGYG000298118	SAMN14602648	NA	NA	NA	dental plaque
MGYG000298091	SAMEA10220497	Human saliva metagenome	Human oral cavity	Saliva	human saliva metagenome
MGYG000298040	SAMEA8395131	human-associated habitat	human oral cavity	not provided	not provided
MGYG000298421	SAMN14570803	human oral	human oral	saliva	saliva
MGYG000299083	SAMEA8395086	human-associated habitat	human oral cavity	not provided	not provided
MGYG000298505	SAMEA9943313	Human oral metagenome	Human oral cavity	Saliva	human oral metagenome
MGYG000299052	SAMEA10220485	Human saliva metagenome	Human oral cavity	Saliva	human saliva metagenome
