Genome	Specimen	env_broad_scale	env_local_scale	env_medium	isolation_source
MGYG000298242	Oral_cavity	human-associated habitat	human oral cavity	not provided	not provided
MGYG000298155	Oral_saliva	human oral	human oral	saliva	saliva
MGYG000298534	Oral_plaque	NA	NA	NA	supragingival plaque isolated from 88 juvenile twins
MGYG000298071	Oral_saliva	human oral	human oral	saliva	saliva
MGYG000298410	Oral_plaque	NA	NA	NA	dental plaque
MGYG000299147	Oral_cavity	human-associated habitat	human oral cavity	not provided	not provided
MGYG000298689	Oral_cavity	human-associated habitat	human oral cavity	not provided	not provided
MGYG000298076	Oral_cavity	human-associated habitat	human oral cavity	not provided	not provided
MGYG000298417	Oral_cavity	human-associated habitat	human oral cavity	not provided	not provided
MGYG000298624	Oral_cavity	human-associated habitat	human oral cavity	not provided	not provided
MGYG000298183	Oral_cavity	Human oral metagenome	Human oral cavity	Saliva	human oral metagenome
MGYG000299064	Oral_cavity	Human oral metagenome	Human oral cavity	Human oral cavity	human oral metagenome
MGYG000298237	Oral_saliva	Human saliva metagenome	Human oral cavity	Saliva	human saliva metagenome
MGYG000298541	Oral_cavity	Human oral metagenome	Human oral cavity	Saliva	human saliva metagenome
MGYG000298933	Oral_cavity	Human oral metagenome	Human oral cavity	Saliva	human saliva metagenome
MGYG000298078	Oral_cavity	Human oral metagenome	Human oral cavity	Saliva	human oral metagenome
MGYG000299259	Oral_cavity	human-associated habitat	human oral cavity	not provided	not provided
MGYG000298817	Oral_cavity	human-associated habitat	human oral cavity	not provided	not provided
MGYG000298999	Oral_cavity	human-associated habitat	human oral cavity	not provided	not provided
MGYG000298948	Oral_cavity	human-associated habitat	human oral cavity	not provided	not provided
MGYG000298230	Oral_cavity	Human oral metagenome	Human oral cavity	Saliva	human oral metagenome
MGYG000298651	Oral_cavity	NA	NA	NA	tongue scraping
MGYG000298127	Oral_cavity	human-associated habitat	human oral cavity	not provided	not provided
MGYG000299089	Oral_saliva	human oral	human oral	saliva	saliva
MGYG000298279	Oral_saliva	human oral	human oral	saliva	saliva
MGYG000298321	Oral_saliva	human oral	human oral	saliva	saliva
MGYG000298457	Oral_cavity	human-associated habitat	human oral cavity	not provided	not provided
MGYG000298573	Oral_cavity	human-associated habitat	human oral cavity	not provided	not provided
MGYG000298888	Oral_cavity	human-associated habitat	human oral cavity	not provided	not provided
MGYG000299023	Oral_saliva	Human saliva metagenome	Human oral cavity	Saliva	human saliva metagenome
MGYG000298202	Oral_cavity	Human oral metagenome	Human oral cavity	Saliva	human oral metagenome
MGYG000298508	Oral_cavity	human-associated habitat	human oral cavity	not provided	not provided
MGYG000298326	Oral_cavity	NA	NA	NA	tongue scraping
MGYG000298796	Oral_cavity	human-associated habitat	human oral cavity	not provided	not provided
MGYG000298092	Oral_cavity	Human oral metagenome	Human oral cavity	Saliva	human saliva metagenome
MGYG000299175	Oral_cavity	human-associated habitat	human oral cavity	not provided	not provided
MGYG000298043	Oral_cavity	human-associated habitat	human oral cavity	not provided	not provided
MGYG000298506	Oral_cavity	Human oral metagenome	Human oral cavity	Saliva	human oral metagenome
MGYG000298974	Oral_cavity	Human oral metagenome	Human oral cavity	Human oral cavity	human oral metagenome
MGYG000299080	Oral_cavity	Human oral metagenome	Human oral cavity	Saliva	human oral metagenome
MGYG000298749	Oral_cavity	human-associated habitat	human oral cavity	not provided	not provided
MGYG000299109	Oral_saliva	human oral	human oral	saliva	saliva
MGYG000298328	Oral_cavity	Human oral metagenome	Human oral cavity	Saliva	human oral metagenome
MGYG000298160	Oral_cavity	human-associated habitat	human oral cavity	not provided	not provided
MGYG000298038	Oral_cavity	Human oral metagenome	Human oral cavity	Saliva	human saliva metagenome
MGYG000298732	Oral_plaque	NA	NA	NA	dental plaque
MGYG000298886	Oral_cavity	human-associated habitat	human oral cavity	not provided	not provided
MGYG000299265	Oral_saliva	human oral	human oral	saliva	saliva
MGYG000298425	Oral_cavity	human-associated habitat	human oral cavity	not provided	not provided
MGYG000298857	Oral_saliva	Human saliva metagenome	Human oral cavity	Saliva	human saliva metagenome
MGYG000298266	Oral_cavity	human-associated habitat	human oral cavity	not provided	not provided
MGYG000298171	Oral_plaque	NA	NA	NA	dental plaque
MGYG000298393	Oral_saliva	human	oral cavity	saliva	human saliva metagenome
MGYG000298055	Oral_cavity	human-associated habitat	human oral cavity	not provided	not provided
MGYG000298342	Oral_cavity	human-associated habitat	human oral cavity	not provided	not provided
MGYG000298433	Oral_cavity	human-associated habitat	human oral cavity	not provided	not provided
MGYG000298394	Oral_cavity	Human oral metagenome	Human oral cavity	Saliva	human oral metagenome
MGYG000299273	Oral_cavity	Human oral metagenome	Human oral cavity	Human oral cavity	human oral metagenome
MGYG000298052	Oral_cavity	Human oral metagenome	Human oral cavity	Saliva	human saliva metagenome
MGYG000298083	Oral_cavity	Human oral metagenome	Human oral cavity	Saliva	human oral metagenome
MGYG000299164	Oral_cavity	Human oral metagenome	Human oral cavity	Saliva	human saliva metagenome
MGYG000298919	Oral_cavity	human-associated habitat	human oral cavity	not provided	not provided
MGYG000298965	Oral_saliva	human oral	human oral	saliva	saliva
MGYG000298213	Oral_cavity	Human oral metagenome	Human oral cavity	Saliva	human oral metagenome
MGYG000298917	Oral_saliva	Human saliva metagenome	Human oral cavity	Saliva	human saliva metagenome
MGYG000299201	Oral_cavity	Human oral metagenome	Human oral cavity	Saliva	human oral metagenome
MGYG000298787	Oral_cavity	human-associated habitat	human oral cavity	not provided	not provided
MGYG000298020	Oral_cavity	human-associated habitat	human oral cavity	not provided	not provided
MGYG000298337	Oral_saliva	human oral	human oral	saliva	saliva
MGYG000298490	Oral_saliva	human oral	human oral	saliva	saliva
MGYG000298178	Oral_cavity	Human oral metagenome	Human oral cavity	Human oral cavity	human oral metagenome
MGYG000298751	Oral_cavity	human-associated habitat	human oral cavity	not provided	not provided
MGYG000299111	Oral_saliva	human oral	human oral	saliva	saliva
MGYG000298899	Oral_cavity	human-associated habitat	human oral cavity	not provided	not provided
MGYG000298675	Oral_cavity	Human oral metagenome	Human oral cavity	Human oral cavity	human oral metagenome
MGYG000298562	Oral_saliva	human oral	human oral	saliva	saliva
MGYG000298473	Oral_saliva	human oral	human oral	saliva	saliva
MGYG000298379	Oral_saliva	human oral	human oral	saliva	saliva
MGYG000298136	Oral_saliva	human-associated habitat	human oral cavity	saliva	Human saliva
MGYG000298221	Oral_cavity	Human oral metagenome	Human oral cavity	Human oral cavity	human oral metagenome
MGYG000298069	Oral_cavity	human-associated habitat	human oral cavity	not provided	not provided
MGYG000298302	Oral_cavity	human-associated habitat	human oral cavity	not provided	not provided
MGYG000298474	Oral_saliva	Human saliva metagenome	Human oral cavity	Saliva	human saliva metagenome
MGYG000298806	Oral_cavity	Human oral metagenome	Human oral cavity	Saliva	human saliva metagenome
MGYG000298370	Oral_saliva	human-associated habitat	human oral cavity	saliva	Human saliva
MGYG000298067	Oral_saliva	human-associated habitat	human oral cavity	saliva	Human saliva
MGYG000298874	Oral_cavity	NA	NA	NA	tongue scraping
MGYG000299246	Oral_plaque	NA	NA	NA	dental plaque
MGYG000298808	Oral_cavity	human-associated habitat	human oral cavity	not provided	not provided
MGYG000299075	Oral_cavity	Human oral metagenome	Human oral cavity	Saliva	human oral metagenome
MGYG000298144	Oral_cavity	human-associated habitat	human oral cavity	not provided	not provided
MGYG000298377	Oral_cavity	Human oral metagenome	Human oral cavity	Saliva	human oral metagenome
MGYG000298716	Oral_cavity	Human oral metagenome	Human oral cavity	Saliva	human saliva metagenome
MGYG000298401	Oral_cavity	Human oral metagenome	Human oral cavity	Saliva	human saliva metagenome
MGYG000298138	Oral_cavity	human-associated habitat	human oral cavity	not provided	not provided
MGYG000298559	Oral_saliva	Human saliva metagenome	Human oral cavity	Saliva	human saliva metagenome
MGYG000298972	Oral_cavity	human-associated habitat	human oral cavity	not provided	not provided
MGYG000299057	Oral_saliva	human oral	human oral	saliva	saliva
MGYG000298617	Oral_cavity	human-associated habitat	human oral cavity	not provided	not provided
MGYG000298039	Oral_plaque	NA	NA	NA	dental plaque
MGYG000299173	Oral_cavity	Human oral metagenome	Human oral cavity	Saliva	human oral metagenome
MGYG000298733	Oral_saliva	human oral	human oral	saliva	saliva
MGYG000298094	Oral_saliva	Human saliva metagenome	Human oral cavity	Saliva	human saliva metagenome
MGYG000298352	Oral_saliva	human-associated habitat	human oral cavity	saliva	Human saliva
MGYG000298383	Oral_cavity	Human oral metagenome	Human oral cavity	Saliva	human saliva metagenome
MGYG000298424	Oral_saliva	human oral	human oral	saliva	saliva
MGYG000298045	Oral_cavity	Human oral metagenome	Human oral cavity	Saliva	human saliva metagenome
MGYG000298093	Oral_plaque	NA	NA	NA	dental plaque
MGYG000299174	Oral_saliva	human oral	human oral	saliva	saliva
MGYG000298851	Oral_saliva	human oral	human oral	saliva	saliva
MGYG000299081	Oral_plaque	NA	NA	NA	dental plaque
MGYG000299050	Oral_cavity	human-associated habitat	human oral cavity	not provided	not provided
MGYG000298329	Oral_cavity	Human oral metagenome	Human oral cavity	Saliva	human saliva metagenome
MGYG000298799	Oral_cavity	human-associated habitat	human oral cavity	not provided	not provided
MGYG000299022	Oral_saliva	Human saliva metagenome	Human oral cavity	Saliva	human saliva metagenome
MGYG000299211	Oral_cavity	Human oral metagenome	Human oral cavity	Saliva	human oral metagenome
MGYG000298823	Oral_cavity	human-associated habitat	human oral cavity	not provided	not provided
MGYG000298030	Oral_saliva	human-associated habitat	human oral cavity	saliva	Human saliva
MGYG000298619	Oral_cavity	Human oral metagenome	Human oral cavity	Human oral cavity	human oral metagenome
MGYG000299101	Oral_cavity	human-associated habitat	human oral cavity	not provided	not provided
MGYG000298824	Oral_saliva	human oral	human oral	saliva	saliva
MGYG000299216	Oral_cavity	Human oral metagenome	Human oral cavity	Saliva	human oral metagenome
MGYG000298113	Oral_cavity	Human oral metagenome	Human oral cavity	Saliva	human oral metagenome
MGYG000298665	Oral_cavity	Human oral metagenome	Human oral cavity	Saliva	human oral metagenome
MGYG000299025	Oral_saliva	human oral	human oral	saliva	saliva
MGYG000298858	Oral_cavity	human-associated habitat	human oral cavity	not provided	not provided
MGYG000298463	Oral_saliva	human oral	human oral	saliva	saliva
MGYG000298811	Oral_saliva	human oral	human oral	saliva	saliva
MGYG000299223	Oral_saliva	human oral	human oral	saliva	saliva
MGYG000298315	Oral_saliva	Human saliva metagenome	Human oral cavity	Saliva	human saliva metagenome
MGYG000299134	Oral_cavity	NA	NA	NA	tongue scraping
MGYG000298596	Oral_cavity	Human oral metagenome	Human oral cavity	Saliva	human saliva metagenome
MGYG000299010	Oral_saliva	Human saliva metagenome	Human oral cavity	Saliva	human saliva metagenome
MGYG000298547	Oral_cavity	Human oral metagenome	Human oral cavity	Subgingival plaque	human oral metagenome
MGYG000299199	Oral_cavity	human-associated habitat	human oral cavity	not provided	not provided
MGYG000298369	Oral_saliva	human oral	human oral	saliva	saliva
MGYG000299148	Oral_saliva	human oral	human oral	saliva	saliva
MGYG000298236	Oral_saliva	human oral	human oral	saliva	saliva
MGYG000298591	Oral_cavity	human-associated habitat	human oral cavity	not provided	not provided
MGYG000299017	Oral_cavity	Human oral metagenome	Human oral cavity	Human oral cavity	human oral metagenome
MGYG000298932	Oral_saliva	human oral	human oral	saliva	saliva
MGYG000298079	Oral_cavity	human-associated habitat	human oral cavity	not provided	not provided
MGYG000299258	Oral_cavity	Human oral metagenome	Human oral cavity	Saliva	human saliva metagenome
MGYG000298418	Oral_plaque	NA	NA	NA	dental plaque
MGYG000298773	Oral_saliva	human oral	human oral	saliva	saliva
MGYG000298659	Oral_plaque	NA	NA	NA	dental plaque
MGYG000299190	Oral_cavity	human-associated habitat	human oral cavity	not provided	not provided
MGYG000298077	Oral_cavity	human-associated habitat	human oral cavity	not provided	not provided
MGYG000298864	Oral_cavity	human-associated habitat	human oral cavity	not provided	not provided
MGYG000299256	Oral_cavity	human-associated habitat	human oral cavity	not provided	not provided
MGYG000298360	Oral_cavity	human-associated habitat	human oral cavity	not provided	not provided
MGYG000298991	Oral_saliva	Human saliva metagenome	Human oral cavity	Saliva	human saliva metagenome
MGYG000298182	Oral_cavity	human-associated habitat	human oral cavity	not provided	not provided
MGYG000298153	Oral_cavity	human-associated habitat	human oral cavity	not provided	not provided
MGYG000299062	Oral_cavity	human-associated habitat	human oral cavity	not provided	not provided
MGYG000298154	Oral_cavity	human-associated habitat	human oral cavity	not provided	not provided
MGYG000298292	Oral_saliva	Human saliva metagenome	Human oral cavity	Saliva	human saliva metagenome
MGYG000298947	Oral_plaque	NA	NA	NA	dental plaque
MGYG000298128	Oral_saliva	human oral	human oral	saliva	saliva
MGYG000298070	Oral_plaque	NA	NA	NA	dental plaque
MGYG000299251	Oral_saliva	human oral	human oral	saliva	saliva
MGYG000298524	Oral_saliva	human	oral cavity	saliva	human saliva metagenome
MGYG000298956	Oral_cavity	human-associated habitat	human oral cavity	not provided	not provided
MGYG000299073	Oral_cavity	human-associated habitat	human oral cavity	not provided	not provided
MGYG000298376	Oral_saliva	human oral	human oral	saliva	saliva
MGYG000299240	Oral_cavity	Human oral metagenome	Human oral cavity	Saliva	human oral metagenome
MGYG000298400	Oral_saliva	human oral	human oral	saliva	saliva
MGYG000298139	Oral_cavity	human-associated habitat	human oral cavity	not provided	not provided
MGYG000298558	Oral_saliva	human oral	human oral	saliva	saliva
MGYG000298371	Oral_saliva	human oral	human oral	saliva	saliva
MGYG000298066	Oral_cavity	Human oral metagenome	Human oral cavity	Saliva	human saliva metagenome
MGYG000298875	Oral_cavity	human-associated habitat	human oral cavity	not provided	not provided
MGYG000299008	Oral_cavity	human-associated habitat	human oral cavity	not provided	not provided
MGYG000298142	Oral_saliva	human oral	human oral	saliva	saliva
MGYG000298523	Oral_cavity	human-associated habitat	human oral cavity	not provided	not provided
MGYG000298193	Oral_cavity	human-associated habitat	human oral cavity	not provided	not provided
MGYG000298068	Oral_plaque	NA	NA	NA	dental plaque
MGYG000299249	Oral_cavity	Human oral metagenome	Human oral cavity	Saliva	human saliva metagenome
MGYG000298697	Oral_saliva	Human saliva metagenome	Human oral cavity	Saliva	human saliva metagenome
MGYG000298923	Oral_cavity	Human oral metagenome	Human oral cavity	Saliva	human saliva metagenome
MGYG000298551	Oral_cavity	human-associated habitat	human oral cavity	not provided	not provided
MGYG000298646	Oral_cavity	Human oral metagenome	Human oral cavity	Saliva	human oral metagenome
MGYG000298303	Oral_cavity	Human oral metagenome	Human oral cavity	Saliva	human saliva metagenome
MGYG000299235	Oral_cavity	NA	NA	NA	tongue scraping
MGYG000298475	Oral_cavity	human-associated habitat	human oral cavity	not provided	not provided
MGYG000298013	Oral_saliva	human oral	human oral	saliva	saliva
MGYG000298378	Oral_cavity	human-associated habitat	human oral cavity	not provided	not provided
MGYG000299188	Oral_plaque	human-associated habitat	human oral cavity	subgingival plaque	Human Oral Subgingival Plaque
MGYG000298690	Oral_cavity	human-associated habitat	human oral cavity	not provided	not provided
MGYG000298137	Oral_cavity	human-associated habitat	human oral cavity	not provided	not provided
MGYG000298556	Oral_cavity	human-associated habitat	human oral cavity	not provided	not provided
MGYG000299001	Oral_saliva	human oral	human oral	saliva	saliva
MGYG000299207	Oral_cavity	Human oral metagenome	Human oral cavity	Saliva	human oral metagenome
MGYG000298750	Oral_cavity	Human oral metagenome	Human oral cavity	Human oral cavity	human oral metagenome
MGYG000298496	Oral_cavity	human-associated habitat	human oral cavity	not provided	not provided
MGYG000298608	Oral_cavity	NA	NA	NA	tongue scraping
MGYG000298849	Oral_saliva	human oral	human oral	saliva	saliva
MGYG000298563	Oral_saliva	human	oral cavity	saliva	human saliva metagenome
MGYG000298102	Oral_saliva	human oral	human oral	saliva	saliva
MGYG000299033	Oral_saliva	Human saliva metagenome	Human oral cavity	Saliva	human saliva metagenome
MGYG000298673	Oral_cavity	human-associated habitat	human oral cavity	not provided	not provided
MGYG000298105	Oral_cavity	Human oral metagenome	Human oral cavity	Saliva	human oral metagenome
MGYG000299200	Oral_saliva	Human saliva metagenome	Human oral cavity	Saliva	human saliva metagenome
MGYG000298832	Oral_cavity	human-associated habitat	human oral cavity	not provided	not provided
MGYG000298021	Oral_saliva	human oral	human oral	saliva	saliva
MGYG000298757	Oral_cavity	Human oral metagenome	Human oral cavity	Saliva	human saliva metagenome
MGYG000298432	Oral_cavity	human-associated habitat	human oral cavity	not provided	not provided
MGYG000298840	Oral_saliva	Human saliva metagenome	Human oral cavity	Saliva	human saliva metagenome
MGYG000299272	Oral_cavity	human-associated habitat	human oral cavity	not provided	not provided
MGYG000298053	Oral_cavity	human-associated habitat	human oral cavity	not provided	not provided
MGYG000298725	Oral_saliva	Human saliva metagenome	Human oral cavity	Saliva	human saliva metagenome
MGYG000298344	Oral_cavity	human-associated habitat	human oral cavity	not provided	not provided
MGYG000298918	Oral_cavity	Human oral metagenome	Human oral cavity	Saliva	human saliva metagenome
MGYG000298788	Oral_cavity	human-associated habitat	human oral cavity	not provided	not provided
MGYG000298759	Oral_cavity	human-associated habitat	human oral cavity	not provided	not provided
MGYG000298338	Oral_saliva	human oral	human oral	saliva	saliva
MGYG000299041	Oral_cavity	Human oral metagenome	Human oral cavity	Human oral cavity	human oral metagenome
MGYG000298964	Oral_cavity	human-associated habitat	human oral cavity	not provided	not provided
MGYG000298177	Oral_cavity	Human oral metagenome	Human oral cavity	Human oral cavity	human oral metagenome
MGYG000298449	Oral_cavity	human-associated habitat	human oral cavity	not provided	not provided
MGYG000298028	Oral_cavity	human-associated habitat	human oral cavity	not provided	not provided
MGYG000298267	Oral_cavity	Human oral metagenome	Human oral cavity	Saliva	human saliva metagenome
MGYG000298963	Oral_cavity	human-associated habitat	human oral cavity	not provided	not provided
MGYG000298392	Oral_cavity	human-associated habitat	human oral cavity	not provided	not provided
MGYG000298054	Oral_cavity	human-associated habitat	human oral cavity	not provided	not provided
MGYG000298085	Oral_cavity	human-associated habitat	human oral cavity	not provided	not provided
MGYG000298896	Oral_cavity	human-associated habitat	human oral cavity	not provided	not provided
MGYG000299153	Oral_cavity	Human oral metagenome	Human oral cavity	Saliva	human saliva metagenome
MGYG000298404	Oral_cavity	human-associated habitat	human oral cavity	not provided	not provided
MGYG000298065	Oral_saliva	human oral	human oral	saliva	saliva
MGYG000298478	Oral_cavity	human-associated habitat	human oral cavity	not provided	not provided
MGYG000298952	Oral_cavity	Human oral metagenome	Human oral cavity	Saliva	human saliva metagenome
MGYG000298190	Oral_cavity	human-associated habitat	human oral cavity	not provided	not provided
MGYG000298256	Oral_cavity	human-associated habitat	human oral cavity	not provided	not provided
MGYG000299128	Oral_cavity	human-associated habitat	human oral cavity	not provided	not provided
MGYG000298309	Oral_cavity	human-associated habitat	human oral cavity	not provided	not provided
MGYG000298146	Oral_plaque	human-associated habitat	human oral cavity	subgingival plaque	Human Oral Subgingival Plaque
MGYG000298197	Oral_cavity	Human oral metagenome	Human oral cavity	Saliva	human saliva metagenome
MGYG000299070	Oral_cavity	Human oral metagenome	Human oral cavity	Saliva	human saliva metagenome
MGYG000298714	Oral_saliva	human oral	human oral	saliva	saliva
MGYG000298375	Oral_cavity	Human oral metagenome	Human oral cavity	Saliva	human oral metagenome
MGYG000298403	Oral_saliva	human oral	human oral	saliva	saliva
MGYG000298929	Oral_saliva	human oral	human oral	saliva	saliva
MGYG000299126	Oral_cavity	human-associated habitat	human oral cavity	not provided	not provided
MGYG000299231	Oral_cavity	Human oral metagenome	Human oral cavity	Human oral cavity	human oral metagenome
MGYG000298471	Oral_cavity	human-associated habitat	human oral cavity	not provided	not provided
MGYG000298803	Oral_cavity	human-associated habitat	human oral cavity	not provided	not provided
MGYG000298148	Oral_saliva	human oral	human oral	saliva	saliva
MGYG000298927	Oral_cavity	Human oral metagenome	Human oral cavity	Human oral cavity	human oral metagenome
MGYG000298555	Oral_cavity	human-associated habitat	human oral cavity	not provided	not provided
MGYG000298134	Oral_cavity	Human oral metagenome	Human oral cavity	Saliva	human saliva metagenome
MGYG000298642	Oral_cavity	Human oral metagenome	Human oral cavity	Human oral cavity	human oral metagenome
MGYG000298584	Oral_cavity	human-associated habitat	human oral cavity	not provided	not provided
MGYG000298133	Oral_saliva	human oral	human oral	saliva	saliva
MGYG000298645	Oral_saliva	Human saliva metagenome	Human oral cavity	Saliva	human saliva metagenome
MGYG000298476	Oral_cavity	Human oral metagenome	Human oral cavity	Saliva	human saliva metagenome
MGYG000299236	Oral_cavity	Human oral metagenome	Human oral cavity	Human oral cavity	human oral metagenome
MGYG000299079	Oral_cavity	human-associated habitat	human oral cavity	not provided	not provided
MGYG000298728	Oral_saliva	human oral	human oral	saliva	saliva
MGYG000299168	Oral_cavity	human-associated habitat	human oral cavity	not provided	not provided
MGYG000298211	Oral_cavity	human-associated habitat	human oral cavity	not provided	not provided
MGYG000298670	Oral_saliva	human oral	human oral	saliva	saliva
MGYG000298106	Oral_cavity	Human oral metagenome	Human oral cavity	Human oral cavity	human oral metagenome
MGYG000298915	Oral_saliva	human oral	human oral	saliva	saliva
MGYG000298022	Oral_saliva	human oral	human oral	saliva	saliva
MGYG000298785	Oral_cavity	human-associated habitat	human oral cavity	not provided	not provided
MGYG000298831	Oral_cavity	human-associated habitat	human oral cavity	not provided	not provided
MGYG000298443	Oral_cavity	human-associated habitat	human oral cavity	not provided	not provided
MGYG000298754	Oral_saliva	human oral	human oral	saliva	saliva
MGYG000299114	Oral_cavity	Human oral metagenome	Human oral cavity	Saliva	human saliva metagenome
MGYG000298969	Oral_saliva	human oral	human oral	saliva	saliva
MGYG000298059	Oral_cavity	human-associated habitat	human oral cavity	not provided	not provided
MGYG000298438	Oral_cavity	human-associated habitat	human oral cavity	not provided	not provided
MGYG000298088	Oral_cavity	human-associated habitat	human oral cavity	not provided	not provided
MGYG000298101	Oral_cavity	Human oral metagenome	Human oral cavity	Saliva	human saliva metagenome
MGYG000298605	Oral_cavity	Human oral metagenome	Human oral cavity	Saliva	human oral metagenome
MGYG000299094	Oral_cavity	Human oral metagenome	Human oral cavity	Saliva	human saliva metagenome
MGYG000298173	Oral_cavity	human-associated habitat	human oral cavity	not provided	not provided
MGYG000298960	Oral_saliva	human oral	human oral	saliva	saliva
MGYG000298512	Oral_cavity	Human oral metagenome	Human oral cavity	Saliva	human saliva metagenome
MGYG000298895	Oral_saliva	human oral	human oral	saliva	saliva
MGYG000298218	Oral_cavity	Human oral metagenome	Human oral cavity	Saliva	human saliva metagenome
MGYG000298050	Oral_cavity	human-associated habitat	human oral cavity	not provided	not provided
MGYG000298843	Oral_cavity	NA	NA	NA	tongue scraping
MGYG000298347	Oral_cavity	Human oral metagenome	Human oral cavity	Human oral cavity	human oral metagenome
MGYG000298892	Oral_cavity	human-associated habitat	human oral cavity	not provided	not provided
MGYG000298726	Oral_cavity	Human oral metagenome	Human oral cavity	Saliva	human oral metagenome
MGYG000299042	Oral_saliva	Human saliva metagenome	Human oral cavity	Saliva	human saliva metagenome
MGYG000299177	Oral_saliva	human oral	human oral	saliva	saliva
MGYG000298090	Oral_cavity	human-associated habitat	human oral cavity	not provided	not provided
MGYG000298041	Oral_saliva	human oral	human oral	saliva	saliva
MGYG000298852	Oral_saliva	Human saliva metagenome	Human oral cavity	Saliva	human saliva metagenome
MGYG000298165	Oral_cavity	human-associated habitat	human oral cavity	not provided	not provided
MGYG000298976	Oral_cavity	NA	NA	NA	tongue scraping
MGYG000298504	Oral_cavity	Human oral metagenome	Human oral cavity	Saliva	human saliva metagenome
MGYG000298503	Oral_cavity	human-associated habitat	human oral cavity	not provided	not provided
MGYG000299054	Oral_cavity	human-associated habitat	human oral cavity	not provided	not provided
MGYG000299028	Oral_cavity	Human oral metagenome	Human oral cavity	Saliva	human saliva metagenome
MGYG000298046	Oral_cavity	human-associated habitat	human oral cavity	not provided	not provided
MGYG000298380	Oral_saliva	human oral	human oral	saliva	saliva
MGYG000298484	Oral_cavity	human-associated habitat	human oral cavity	not provided	not provided
MGYG000298742	Oral_cavity	human-associated habitat	human oral cavity	not provided	not provided
MGYG000298793	Oral_saliva	human-associated habitat	human oral cavity	saliva	Human saliva
MGYG000299215	Oral_cavity	human-associated habitat	human oral cavity	not provided	not provided
MGYG000298455	Oral_cavity	human-associated habitat	human oral cavity	not provided	not provided
MGYG000298571	Oral_plaque	NA	NA	NA	dental plaque
MGYG000298207	Oral_cavity	human-associated habitat	human oral cavity	not provided	not provided
MGYG000298117	Oral_cavity	human-associated habitat	human oral cavity	not provided	not provided
MGYG000298576	Oral_saliva	human oral	human oral	saliva	saliva
MGYG000298200	Oral_cavity	Human oral metagenome	Human oral cavity	Saliva	human oral metagenome
MGYG000298661	Oral_cavity	human-associated habitat	human oral cavity	not provided	not provided
MGYG000298358	Oral_cavity	human-associated habitat	human oral cavity	not provided	not provided
MGYG000299179	Oral_saliva	Human saliva metagenome	Human oral cavity	Saliva	human saliva metagenome
MGYG000298389	Oral_saliva	human	oral cavity	saliva	human saliva metagenome
MGYG000298745	Oral_plaque	NA	NA	NA	dental plaque
MGYG000299105	Oral_saliva	human oral	human oral	saliva	saliva
MGYG000298452	Oral_cavity	human-associated habitat	human oral cavity	not provided	not provided
MGYG000299212	Oral_cavity	human-associated habitat	human oral cavity	not provided	not provided
MGYG000298654	Oral_saliva	Human saliva metagenome	Human oral cavity	Saliva	human saliva metagenome
MGYG000298543	Oral_cavity	human-associated habitat	human oral cavity	not provided	not provided
MGYG000298685	Oral_cavity	Human oral metagenome	Human oral cavity	Saliva	human saliva metagenome
MGYG000298628	Oral_saliva	human oral	human oral	saliva	saliva
MGYG000299068	Oral_cavity	Human oral metagenome	Human oral cavity	Saliva	human oral metagenome
MGYG000298467	Oral_saliva	human oral	human oral	saliva	saliva
MGYG000299227	Oral_saliva	human oral	human oral	saliva	saliva
MGYG000298770	Oral_cavity	human-associated habitat	human oral cavity	not provided	not provided
MGYG000298538	Oral_cavity	human-associated habitat	human oral cavity	not provided	not provided
MGYG000298159	Oral_saliva	human oral	human oral	saliva	saliva
MGYG000299137	Oral_cavity	human-associated habitat	human oral cavity	not provided	not provided
MGYG000298777	Oral_saliva	Human saliva metagenome	Human oral cavity	Saliva	human saliva metagenome
MGYG000298125	Oral_saliva	human oral	human oral	saliva	saliva
MGYG000298621	Oral_saliva	human	oral cavity	saliva	human saliva metagenome
MGYG000298536	Oral_cavity	human-associated habitat	human oral cavity	not provided	not provided
MGYG000298944	Oral_cavity	Human oral metagenome	Human oral cavity	Saliva	human oral metagenome
MGYG000298779	Oral_plaque	NA	NA	NA	dental plaque
MGYG000298860	Oral_cavity	human-associated habitat	human oral cavity	not provided	not provided
MGYG000299252	Oral_cavity	human-associated habitat	human oral cavity	not provided	not provided
MGYG000299145	Oral_saliva	Human saliva metagenome	Human oral cavity	Saliva	human saliva metagenome
MGYG000299193	Oral_cavity	human-associated habitat	human oral cavity	not provided	not provided
MGYG000298702	Oral_cavity	human-associated habitat	human oral cavity	not provided	not provided
MGYG000298363	Oral_cavity	human-associated habitat	human oral cavity	not provided	not provided
MGYG000298181	Oral_cavity	Human oral metagenome	Human oral cavity	Saliva	human saliva metagenome
MGYG000298626	Oral_cavity	Human oral metagenome	Human oral cavity	Saliva	human oral metagenome
MGYG000298943	Oral_cavity	human-associated habitat	human oral cavity	not provided	not provided
MGYG000298531	Oral_cavity	Human oral metagenome	Human oral cavity	Saliva	human saliva metagenome
MGYG000298296	Oral_saliva	human oral	human oral	saliva	saliva
MGYG000299270	Oral_saliva	human	oral cavity	saliva	human saliva metagenome
MGYG000298842	Oral_cavity	human-associated habitat	human oral cavity	not provided	not provided
MGYG000298893	Oral_saliva	human oral	human oral	saliva	saliva
MGYG000298346	Oral_cavity	human-associated habitat	human oral cavity	not provided	not provided
MGYG000299167	Oral_saliva	human oral	human oral	saliva	saliva
MGYG000298080	Oral_saliva	human oral	human oral	saliva	saliva
MGYG000298727	Oral_saliva	human oral	human oral	saliva	saliva
MGYG000298568	Oral_cavity	Human oral metagenome	Human oral cavity	Saliva	human oral metagenome
MGYG000299043	Oral_cavity	Human oral metagenome	Human oral cavity	Saliva	human saliva metagenome
MGYG000299092	Oral_saliva	human-associated habitat	human oral cavity	saliva	Human saliva
MGYG000298514	Oral_cavity	human-associated habitat	human oral cavity	not provided	not provided
MGYG000298966	Oral_cavity	human-associated habitat	human oral cavity	not provided	not provided
MGYG000298265	Oral_cavity	human-associated habitat	human oral cavity	not provided	not provided
MGYG000298961	Oral_saliva	human oral	human oral	saliva	saliva
MGYG000298513	Oral_cavity	human-associated habitat	human oral cavity	not provided	not provided
MGYG000298437	Oral_cavity	human-associated habitat	human oral cavity	not provided	not provided
MGYG000298341	Oral_cavity	Human oral metagenome	Human oral cavity	Saliva	human saliva metagenome
MGYG000299160	Oral_saliva	human oral	human oral	saliva	saliva
MGYG000298678	Oral_cavity	human-associated habitat	human oral cavity	not provided	not provided
MGYG000298024	Oral_cavity	Human oral metagenome	Human oral cavity	Saliva	human saliva metagenome
MGYG000299205	Oral_cavity	human-associated habitat	human oral cavity	not provided	not provided
MGYG000298445	Oral_cavity	Human oral metagenome	Human oral cavity	Saliva	human saliva metagenome
MGYG000298837	Oral_cavity	Human oral metagenome	Human oral cavity	Saliva	human oral metagenome
MGYG000298494	Oral_cavity	human-associated habitat	human oral cavity	not provided	not provided
MGYG000298333	Oral_cavity	human-associated habitat	human oral cavity	not provided	not provided
MGYG000298089	Oral_saliva	human oral	human oral	saliva	saliva
MGYG000298676	Oral_cavity	human-associated habitat	human oral cavity	not provided	not provided
MGYG000298348	Oral_cavity	human-associated habitat	human oral cavity	not provided	not provided
MGYG000299031	Oral_cavity	human-associated habitat	human oral cavity	not provided	not provided
MGYG000298023	Oral_saliva	Human saliva metagenome	Human oral cavity	Saliva	human saliva metagenome
MGYG000298830	Oral_cavity	human-associated habitat	human oral cavity	not provided	not provided
MGYG000299202	Oral_cavity	Human oral metagenome	Human oral cavity	Saliva	human oral metagenome
MGYG000298334	Oral_saliva	human oral	human oral	saliva	saliva
MGYG000299004	Oral_cavity	human-associated habitat	human oral cavity	not provided	not provided
MGYG000298225	Oral_cavity	human-associated habitat	human oral cavity	not provided	not provided
MGYG000298582	Oral_saliva	human oral	human oral	saliva	saliva
MGYG000298760	Oral_cavity	Human oral metagenome	Human oral cavity	Saliva	human saliva metagenome
MGYG000299120	Oral_cavity	human-associated habitat	human oral cavity	not provided	not provided
MGYG000298301	Oral_cavity	human-associated habitat	human oral cavity	not provided	not provided
MGYG000299237	Oral_saliva	human-associated habitat	human oral cavity	saliva	Human saliva
MGYG000298692	Oral_cavity	human-associated habitat	human oral cavity	not provided	not provided
MGYG000299003	Oral_cavity	human-associated habitat	human oral cavity	not provided	not provided
MGYG000298222	Oral_cavity	human-associated habitat	human oral cavity	not provided	not provided
MGYG000298769	Oral_cavity	human-associated habitat	human oral cavity	not provided	not provided
MGYG000299129	Oral_saliva	human-associated habitat	human oral cavity	saliva	Human saliva
MGYG000298526	Oral_cavity	Human oral metagenome	Human oral cavity	Saliva	human oral metagenome
MGYG000298985	Oral_saliva	human oral	human oral	saliva	saliva
MGYG000298402	Oral_cavity	human-associated habitat	human oral cavity	not provided	not provided
MGYG000298063	Oral_cavity	human-associated habitat	human oral cavity	not provided	not provided
MGYG000298405	Oral_saliva	human oral	human oral	saliva	saliva
MGYG000298479	Oral_cavity	Human oral metagenome	Human oral cavity	Saliva	human saliva metagenome
MGYG000298953	Oral_cavity	human-associated habitat	human oral cavity	not provided	not provided
MGYG000299076	Oral_cavity	human-associated habitat	human oral cavity	not provided	not provided
MGYG000298636	Oral_cavity	human-associated habitat	human oral cavity	not provided	not provided
MGYG000298866	Oral_cavity	Human oral metagenome	Human oral cavity	Human oral cavity	human oral metagenome
MGYG000299192	Oral_cavity	Human oral metagenome	Human oral cavity	Saliva	human saliva metagenome
MGYG000299067	Oral_saliva	Human saliva metagenome	Human oral cavity	Saliva	human saliva metagenome
MGYG000298627	Oral_cavity	NA	NA	NA	tongue scraping
MGYG000298993	Oral_cavity	human-associated habitat	human oral cavity	not provided	not provided
MGYG000298942	Oral_cavity	Human oral metagenome	Human oral cavity	Human oral cavity	human oral metagenome
MGYG000298530	Oral_cavity	human-associated habitat	human oral cavity	not provided	not provided
MGYG000298187	Oral_cavity	Human oral metagenome	Human oral cavity	Saliva	human saliva metagenome
MGYG000298945	Oral_saliva	human oral	human oral	saliva	saliva
MGYG000298290	Oral_saliva	human oral	human oral	saliva	saliva
MGYG000298156	Oral_saliva	human oral	human oral	saliva	saliva
MGYG000299138	Oral_cavity	NA	NA	NA	tongue scraping
MGYG000298319	Oral_cavity	Human oral metagenome	Human oral cavity	Saliva	human saliva metagenome
MGYG000298861	Oral_saliva	human oral	human oral	saliva	saliva
MGYG000299253	Oral_saliva	human oral	human oral	saliva	saliva
MGYG000298072	Oral_cavity	Human oral metagenome	Human oral cavity	Saliva	human saliva metagenome
MGYG000298365	Oral_cavity	human-associated habitat	human oral cavity	not provided	not provided
MGYG000299136	Oral_saliva	human oral	human oral	saliva	saliva
MGYG000298594	Oral_cavity	human-associated habitat	human oral cavity	not provided	not provided
MGYG000298545	Oral_saliva	human oral	human oral	saliva	saliva
MGYG000298937	Oral_saliva	human oral	human oral	saliva	saliva
MGYG000299015	Oral_saliva	Human saliva metagenome	Human oral cavity	Saliva	human saliva metagenome
MGYG000298542	Oral_cavity	human-associated habitat	human oral cavity	not provided	not provided
MGYG000298629	Oral_cavity	human-associated habitat	human oral cavity	not provided	not provided
MGYG000298466	Oral_cavity	human-associated habitat	human oral cavity	not provided	not provided
MGYG000298905	Oral_cavity	human-associated habitat	human oral cavity	not provided	not provided
MGYG000298359	Oral_cavity	Human oral metagenome	Human oral cavity	Saliva	human saliva metagenome
MGYG000298388	Oral_saliva	human oral	human oral	saliva	saliva
MGYG000298979	Oral_cavity	Human oral metagenome	Human oral cavity	Saliva	human saliva metagenome
MGYG000298482	Oral_cavity	Human oral metagenome	Human oral cavity	Saliva	human oral metagenome
MGYG000298453	Oral_cavity	human-associated habitat	human oral cavity	not provided	not provided
MGYG000298322	Oral_cavity	Human oral metagenome	Human oral cavity	Saliva	human saliva metagenome
MGYG000299103	Oral_cavity	human-associated habitat	human oral cavity	not provided	not provided
MGYG000298035	Oral_cavity	human-associated habitat	human oral cavity	not provided	not provided
MGYG000298826	Oral_saliva	human oral	human oral	saliva	saliva
MGYG000298111	Oral_cavity	human-associated habitat	human oral cavity	not provided	not provided
MGYG000298570	Oral_cavity	Human oral metagenome	Human oral cavity	Saliva	human oral metagenome
MGYG000298902	Oral_cavity	human-associated habitat	human oral cavity	not provided	not provided
MGYG000298206	Oral_cavity	human-associated habitat	human oral cavity	not provided	not provided
MGYG000299027	Oral_saliva	human oral	human oral	saliva	saliva
MGYG000298667	Oral_cavity	human-associated habitat	human oral cavity	not provided	not provided
MGYG000298049	Oral_saliva	human oral	human oral	saliva	saliva
MGYG000298669	Oral_cavity	human-associated habitat	human oral cavity	not provided	not provided
MGYG000298350	Oral_cavity	human-associated habitat	human oral cavity	not provided	not provided
MGYG000298381	Oral_cavity	human-associated habitat	human oral cavity	not provided	not provided
MGYG000298118	Oral_plaque	NA	NA	NA	dental plaque
MGYG000298091	Oral_saliva	Human saliva metagenome	Human oral cavity	Saliva	human saliva metagenome
MGYG000298040	Oral_cavity	human-associated habitat	human oral cavity	not provided	not provided
MGYG000298421	Oral_saliva	human oral	human oral	saliva	saliva
MGYG000299083	Oral_cavity	human-associated habitat	human oral cavity	not provided	not provided
MGYG000298505	Oral_cavity	Human oral metagenome	Human oral cavity	Saliva	human oral metagenome
MGYG000299052	Oral_saliva	Human saliva metagenome	Human oral cavity	Saliva	human saliva metagenome
